country,founded,id,industry,linkedin_url,locality,name,region,size,website
china,,eLvz1SBdaR7azRcsRTojSQvUAfWv,information technology and services,linkedin.com/company/北京江海虹贯科技有限责任公司,,北京江海虹贯科技有限责任公司,,1-10,
china,,POtYGOY9MWBx7uPnRIWEbgqsAFon,information technology and services,linkedin.com/company/友联讯杰-北京-科技有限公司,,友联讯杰(北京)科技有限公司,,1-10,
china,,4mFOcpxkB2XHqxkfYiRrCQRokt1e,information technology and services,linkedin.com/company/北京华电泰锐科技有限公司,,北京华电泰锐科技有限公司,,1-10,bjhdtrcom.cn
china,,thbJzOpLHY6nsB2eTG0dCAum1mqi,information technology and services,linkedin.com/company/北京博晓通科技有限公司,,北京博晓通科技有限公司,,11-50,inter3i.com
china,,wwBHoqtO0H6eUDM4cxmJnQWC0sT8,information technology and services,linkedin.com/company/南京舜虞达环保科技有限公司,,南京舜虞达环保科技有限公司,,1-10,
china,,p6Nu45QEMTImf4K1qYdBAA7MlcEr,information technology and services,linkedin.com/company/天津星源科技有限公司,,天津星源科技有限公司,,1-10,samyon.com
china,,WeDKeWCM5BG8LwlBmklb9QMNb65q,information technology and services,linkedin.com/company/东营风致航空科技有限公司,,东营风致航空科技有限公司,,1-10,funzhi.com
china,,H2BDJg9PNHFXChnlArZwbQn6hziM,information technology and services,linkedin.com/company/博峰汽配科技有限公司,,博峰汽配科技有限公司,,1-10,
china,,5hMCdJWeaiPiCEI5GCU9bALDBmZJ,information technology and services,linkedin.com/company/北京葩趣科技有限公司,,北京葩趣科技有限公司,,1-10,
china,,d8wv6HhPUCNMl4ReCfrwhAMwMAh3,information technology and services,linkedin.com/company/深圳和普泰克电子有限公司,,深圳和普泰克电子有限公司,,1-10,hopetech.cc
china,,8ehGJwGbFdMTyBd5FIYNoQamU13L,information technology and services,linkedin.com/company/陕西荣霖教育科技有限公司,xi’an,陕西荣霖教育科技有限公司,shaanxi,1-10,
china,,kmPTquPg1EBVA0OCkdcuQA1beIaK,information technology and services,linkedin.com/company/北京星瑞通航科技有限公司,,北京星瑞通航科技有限公司,,1-10,wwwnavearth.com
china,,BYTkZj8NZzMPofcUxuC75APprjT9,information technology and services,linkedin.com/company/上海壹咖动体育发展有限公司,,上海壹咖动体育发展有限公司,,1-10,perfectsports.cn
china,,BBnEq1iuD47WUpWozknMfw8Sc3hY,information technology and services,linkedin.com/company/道森起点-北京-信息技术有限公司,,道森起点(北京)信息技术有限公司,,1-10,
china,,VDXbqnipU2TLbvjNcMLbKgYI1Mtw,information technology and services,linkedin.com/company/中集能源有限公司,,中集能源有限公司,,1-10,cnccce.com
china,,BGYrAbm53sErczo6LU2DngLKLCbY,information technology and services,linkedin.com/company/山东中车华腾环保科技有限公司,,山东中车华腾环保科技有限公司,,1-10,hthb.cn
china,,jFO3sHsHovhBftAghzlkzwupnRuz,information technology and services,linkedin.com/company/北京喵尚家科技有限公司,,北京喵尚家科技有限公司,,1-10,miaoshangjia.com
china,,I8WJ6SQm2dW1xnUvpADx1giqWcYo,information technology and services,linkedin.com/company/康尼可-北京-健康科技有限公司,,康尼可(北京)健康科技有限公司,,1-10,
china,,7BggBFJeAU4clH9Ymf6TPw5MuYjd,information technology and services,linkedin.com/company/汇隆基业科技-北京-有限责任公司,,汇隆基业科技(北京)有限责任公司,,1-10,huilongjiye.com
china,,C5Hb28ov5mTdyp9VNIy6pgP4hesi,information technology and services,linkedin.com/company/厦门烯成石墨烯科技有限公司,,厦门烯成石墨烯科技有限公司,,1-10,
china,,lmiV3C9bbF0wIUof7FlMogjT4DVY,information technology and services,linkedin.com/company/山东鸢飞通用航空科技有限公司,,山东鸢飞通用航空科技有限公司,,1-10,
china,,pwRW0CneRHPHv8yB44CVuQZyUt4m,information technology and services,linkedin.com/company/上海一宝计算机科技有限公司,,上海一宝计算机科技有限公司,,1-10,weirencai.net
china,,FB9bsncB8Bv6tPNYm6C5hQtPDzIS,information technology and services,linkedin.com/company/吉林省正邦农业有限公司,,吉林省正邦农业有限公司,,1-10,
china,,4QjxD9ZyBtI8ozSd6DyCIwnDn4fK,information technology and services,linkedin.com/company/北京中科泰昌生物科技有限公司,,北京中科泰昌生物科技有限公司,,1-10,
china,,9ufPXSlPLyqf6UO3Y8smig2aVhdM,information technology and services,linkedin.com/company/北京群华科技有限公司,,北京群华科技有限公司,,1-10,
china,,4j9YWbi8JCCkzsbpwCagcwCTYFSd,information technology and services,linkedin.com/company/江西飞腾通用航空有限公司,,江西飞腾通用航空有限公司,,1-10,
china,,JBUo7u2gymbxjhpbgTUf0goNi0rm,information technology and services,linkedin.com/company/北京和兴宏图科技有限公司,,北京和兴宏图科技有限公司,,1-10,hxtek.com
china,,0S5UnikRTei1TWgbBdrBzAdUWwjv,information technology and services,linkedin.com/company/杭州吉成科技有限公司,,杭州吉成科技有限公司,,1-10,
china,,pyQnJg2wBnXLQH1WZzOUpAmtXhh5,information technology and services,linkedin.com/company/西奈克-北京-科技有限责任公司,,西奈克(北京)科技有限责任公司,,1-10,cnexbj.com
china,,TolbpEJd4rrLFmoDc1GCTgdyncro,information technology and services,linkedin.com/company/shenzhen-kuaijin-data-technology-services-co.-ltd.,,"shenzhen kuaijin data technology services co., ltd.",,1-10,
china,,mKTTcHnVBV6e3dDSRYUAZATWzTgb,information technology and services,linkedin.com/company/绿橙无忧-北京-科技有限公司,,绿橙无忧(北京)科技有限公司,,1-10,
china,,eVyyqGJrvDebcnCRpcoBrQWIRXIZ,information technology and services,linkedin.com/company/北京堡瑞思减震科技有限公司,,北京堡瑞思减震科技有限公司,,1-10,bracedamper.com
china,,Bx5WjTgwuTPzdXyufBcxrgn6UM1A,information technology and services,linkedin.com/company/北京埃菲莱光电科技有限公司,,北京埃菲莱光电科技有限公司,,1-10,effi-led.com
china,,iBXhhH7yNHVU70c7MXuR8gzpDgda,information technology and services,linkedin.com/company/上海典诚信息技术有限公司,,上海典诚信息技术有限公司,,1-10,
china,,CtPfOiB40QKhpvC5nEVlIwctqPQH,information technology and services,linkedin.com/company/北京奥塔梅森医疗科技有限公司,,北京奥塔梅森医疗科技有限公司,,1-10,
china,,cEKmxoB2HqlSepUsNU3ItwVCevoI,information technology and services,linkedin.com/company/北京卓越环益科技有限公司,,北京卓越环益科技有限公司,,1-10,
china,,9MM6Z5owjBR8ZfltPJsRjQvAase9,information technology and services,linkedin.com/company/北京壹卡行科技有限公司,,北京壹卡行科技有限公司,,1-10,
china,,63OUyOKfPNk93NR8keayLAmN15lG,information technology and services,linkedin.com/company/北京云欣展创教育科技有限公司,,北京云欣展创教育科技有限公司,,1-10,
china,,20JS4pXAmkqb1Gnfbc7tMAjly6Il,information technology and services,linkedin.com/company/深圳市付讯科技有限公司,,深圳市付讯科技有限公司,,1-10,
china,,gEyi8XfO3DpDtvwpxGcKrw26QzAZ,information technology and services,linkedin.com/company/上海帝金科贸有限公司,,上海帝金科贸有限公司,,1-10,
china,,YrCgYCr44mEybGXCI4o96wVik5wD,information technology and services,linkedin.com/company/北京光美焕科技有限责任公司,,北京光美焕科技有限责任公司,,1-10,
china,,XzNciSyg5gSvex6mIPx8fQwnmdVP,information technology and services,linkedin.com/company/北京安怀信科技股份有限公司,,北京安怀信科技股份有限公司,,1-10,anwiseglobal.com
china,,eRkPXsqGcwd6oQnFB2A9MAnqx8ys,information technology and services,linkedin.com/company/山东国度网络科技有限公司,,山东国度网络科技有限公司,,1-10,
china,,f3dyOrtZpIHWcKFjjtzaJwFcdW3w,information technology and services,linkedin.com/company/北京神州泰德科技有限公司,,北京神州泰德科技有限公司,,1-10,
china,,Hsh2Z1jjufrPun71lekdFQFQXizA,information technology and services,linkedin.com/company/山西心亮教育咨询有限公司,,山西心亮教育咨询有限公司,,1-10,
china,2003,ZG8it3Ovq3VSACaBhxuwRw4BKY3X,information technology and services,linkedin.com/company/evget-software-solutions,,evget software solutions,chongqing,51-200,evget.com
china,,jv2cYRWQDlktsx3xbI54FwZFrmwL,information technology and services,linkedin.com/company/北京国育世纪科技发展有限公司,,北京国育世纪科技发展有限公司,,1-10,
china,,3jEdPCsFxW0Szm86AGqrQwjSUbov,information technology and services,linkedin.com/company/北京金鹏环益科技有限公司,,北京金鹏环益科技有限公司,,1-10,jphy2011.com
china,,NRBAw2PKXTfmVBNsC584PQX8XSYY,information technology and services,linkedin.com/company/云南绿居环保科技有限公司,,云南绿居环保科技有限公司,,1-10,
china,,B3A61RtcUU4J2dBGpaB9AArfmMNy,information technology and services,linkedin.com/company/北京星亿达科技有限公司,,北京星亿达科技有限公司,,1-10,cinyida.com
china,,98XRlDjLkUTRATPadeNw4QQQHEvR,information technology and services,linkedin.com/company/杭州闯字农业科技有限公司,,杭州闯字农业科技有限公司,,1-10,
china,,mlrP2wLApY507Bs8LBFT1A2S1XY2,information technology and services,linkedin.com/company/北京画仙谷科技有限公司,,北京画仙谷科技有限公司,,1-10,
china,,ceRX4iXgmaEBW2kCeZcC5gAHfdZH,information technology and services,linkedin.com/company/达拓瑞科技-北京-有限公司,,达拓瑞科技(北京)有限公司,,1-10,
china,,bCfDKaRo8FlH9tSo1klVZgiwjUmO,information technology and services,linkedin.com/company/北京云炬天下信息技术有限公司,,北京云炬天下信息技术有限公司,,1-10,
china,,mZNZ3QNvUDaTQWOuTarA1QX7KaFd,information technology and services,linkedin.com/company/安徽汇利涂料科技有限公司,,安徽汇利涂料科技有限公司,,1-10,
china,,bpE6wD6GBaYPRebyzD4L7wyrndRX,information technology and services,linkedin.com/company/四川大爱科技有限公司,,四川大爱科技有限公司,,1-10,scdaai.com
china,,4GBayMyG7Zt9g0csnOXtJgzP7f74,information technology and services,linkedin.com/company/大禹伟业-北京-国际科技有限公司,,大禹伟业(北京)国际科技有限公司,,1-10,yugreat.com
china,,HBcaAr5icQ2suBsVUSQpLA8JA7N4,information technology and services,linkedin.com/company/中网动力-北京-科技发展有限公司,,中网动力(北京)科技发展有限公司,,1-10,gpsdzc.com
china,,3kqNGaN6NIQQuAk3JCGuBgAoUx7v,information technology and services,linkedin.com/company/江苏兴博新农科技发展有限责任公司,,江苏兴博新农科技发展有限责任公司,,1-10,
china,,VZOrSTBYanmqqULvz5r38gAiUgOV,information technology and services,linkedin.com/company/伯格森-北京-科技股份有限公司,,伯格森(北京)科技股份有限公司,,1-10,bergsunbj.com
china,,tTsm29hoN6c3vtTggBl9gQz7XkAf,information technology and services,linkedin.com/company/北京瑞达科仪科技发展有限责任公司,,北京瑞达科仪科技发展有限责任公司,,1-10,
china,,OBmyRtCLS1H9j18yLvBChwwxStGc,information technology and services,linkedin.com/company/四川牛斗网络科技有限公司,,四川牛斗网络科技有限公司,,1-10,neodow.com
china,,rQCCI5LTUq1TtChGhqpQlAgkSXAN,information technology and services,linkedin.com/company/上海佰特教育科技有限公司,,上海佰特教育科技有限公司,,1-10,betterfq.com
china,,y0vpxNBrFAJhJSiVF4CeaQAgWIbY,information technology and services,linkedin.com/company/杭州互维科技有限公司,,杭州互维科技有限公司,,1-10,
china,,FahmohC82Wv8joWhRyDCGwbQqkCx,information technology and services,linkedin.com/company/南昌智赢网络科技有限公司,,南昌智赢网络科技有限公司,,1-10,
china,,GVd9bdlZXMJc22jvafHx2QIVi6mw,information technology and services,linkedin.com/company/上海中科力帆电动汽车有限公司,,上海中科力帆电动汽车有限公司,,1-10,zklf-ev.com
china,,FqwPyhCCHUfkCxwHOqhwoghRaqFJ,information technology and services,linkedin.com/company/北京智和信通技术有限公司,,北京智和信通技术有限公司,,1-10,zhtelecom.com.cn
china,,GkubCQdLhvkzrqH6XWw0BAjMhzxJ,information technology and services,linkedin.com/company/北京信华综研科技发展有限公司,,北京信华综研科技发展有限公司,,1-10,xinhuainfolink.com
china,,WSTnIHBOjhMp8Fy13GkjJAqpx8n3,information technology and services,linkedin.com/company/深圳班墨信息技术有限公司,,深圳班墨信息技术有限公司,,1-10,
china,2018,qaM9Gh1nzDFVMvFb2Yhe1AqJFtuX,information technology and services,linkedin.com/company/chinese-dumps,meilong,chinese dumps,shanghai,51-200,chinesedumps.com
china,2007,w6jGy2ADsA6EQEVwxvMzgwMdLkar,information technology and services,linkedin.com/company/sagesoft-shanghai,shanghai,sagesoft china,shanghai,51-200,sagesoft.cn
china,,gIjFRcciAtq3k9alpQReUAEH0WpX,information technology and services,linkedin.com/company/北京扬美汇群科技有限公司,,北京扬美汇群科技有限公司,,1-10,bjymhqkj.cn.china.cn
china,,OuzoFPdnI6dRofVCjjARoQZii7x6,information technology and services,linkedin.com/company/北京金友通财科技有限公司,,北京金友通财科技有限公司,,1-10,
china,,Xdy5MlH88Mg9t0Z7peAJHA78unPX,information technology and services,linkedin.com/company/上海彩石激光科技有限公司,,上海彩石激光科技有限公司,,1-10,caishilaser.com
china,,xCQi4btzUAH00MaQ7FpvfAZGGAzb,information technology and services,linkedin.com/company/北京凯纳特科技有限公司,,北京凯纳特科技有限公司,,1-10,konnect.com.cn
china,,1c2vt1JtWJJ1uEcNMGjgKQagjVnN,information technology and services,linkedin.com/company/日照先远新材料科技有限责任公司,,日照先远新材料科技有限责任公司,,1-10,
china,,C6uxRsOiEh4xOICuDGd3PANzoTaP,information technology and services,linkedin.com/company/北京君川种业科技有限公司,,北京君川种业科技有限公司,,1-10,junchuanseed.com
china,,kFztEP8lZwaMtbI89FB7JwAew9jf,information technology and services,linkedin.com/company/广州市瑞峰电力科技有限公司,,广州市瑞峰电力科技有限公司,,1-10,
china,,A5XAX2KsrCmLkKLaqGsmOAzWyC1u,information technology and services,linkedin.com/company/自由创始人,,自由创始人,,1-10,freecofounder.com
china,,nzOIbinSU7NRplFqsEQVkAng783X,information technology and services,linkedin.com/company/北京正和兴业科技发展有限公司,,北京正和兴业科技发展有限公司,,1-10,
china,,o6qEBadOGgzB28YFG0iKmgSDjhTR,information technology and services,linkedin.com/company/心悦家和-北京-科技有限责任公司,,心悦家和(北京)科技有限责任公司,,1-10,xinyuejiahe.com
china,,eBINx9HZWUMioACACckxagIjFatk,information technology and services,linkedin.com/company/北京扬京互通科技有限公司,,北京扬京互通科技有限公司,,1-10,
china,,4dBFQrrv2SsTj0KcoAJBGgssmcn1,information technology and services,linkedin.com/company/北京汇通万联信息科技有限公司,,北京汇通万联信息科技有限公司,,1-10,hotweline.cn
china,,C44UkM3bvO6Ip7Xl8svCdgUxxWGr,information technology and services,linkedin.com/company/北京中农大康科技开发有限公司,,北京中农大康科技开发有限公司,,1-10,grandcorn.com
china,,t8xMLNiBJAsHjRP68W2FCQirUPDB,information technology and services,linkedin.com/company/北京智润科技有限公司,,北京智润科技有限公司,,1-10,bjzhirun.com
china,,BbJay99A6shSbeud35rOwwgkuK3A,information technology and services,linkedin.com/company/北京铁状元科技有限公司,,北京铁状元科技有限公司,,1-10,
china,,tT6AiUgwAfUyBD0ueHFzzwyqyMtv,information technology and services,linkedin.com/company/上海度和科技发展有限公司,,上海度和科技发展有限公司,,1-10,
china,,3F6IbJNo2eap05gzlFYjigU2zjBf,information technology and services,linkedin.com/company/武汉非常视觉数码科技有限公司,,武汉非常视觉数码科技有限公司,,1-10,
china,,iEmNHQBHfCuGF3PpXrEXeARmUUt7,information technology and services,linkedin.com/company/北京方孔联科技有限公司,,北京方孔联科技有限公司,,1-10,
china,,l1UV0La3SNinOFdjQt0jgwixeFcX,information technology and services,linkedin.com/company/北京听花科技有限公司,,北京听花科技有限公司,,1-10,shop489648962.taobao.com
china,2017,UbYipd5CHiCYJtqCERLpWAvzxSAy,information technology and services,linkedin.com/company/sinaweb-脉国,shanghai,sinaweb.cn,shanghai,1-10,sinaweb.cn
china,,xeYiQSrjmHyRjSOYZO6wCgqt0SIq,information technology and services,linkedin.com/company/广东图居网络科技股份有限公司,,广东图居网络科技股份有限公司,,1-10,
china,,aM1flpBu7cOXGx00YfNBYwC0MC8n,information technology and services,linkedin.com/company/上海云启信息科技有限公司,,上海云启信息科技有限公司,,1-10,corcloud.com
china,,445BgasTAP7dNf4b3n59MQXElJez,information technology and services,linkedin.com/company/北京国网普瑞特高压输电技术有限公司,,北京国网普瑞特高压输电技术有限公司,,1-10,huakesky.com
china,,ZcPWdInWQM2jTK1nvjjG4g7HszQi,information technology and services,linkedin.com/company/北京星桥互动科技有限公司,,北京星桥互动科技有限公司,,1-10,
china,,vJL5WjiCSD0K28E4Zg80Bg57Bq8i,information technology and services,linkedin.com/company/碳能科技-北京-有限公司,,碳能科技(北京)有限公司,,1-10,
china,,BNU805wBDYQR2ELGsD0vGQQ45pBi,information technology and services,linkedin.com/company/北京铂宇科技有限公司,,北京铂宇科技有限公司,,1-10,boyukids.com
china,,4yIJaebFg8AjpmMdxwEXgAgkMYGn,information technology and services,linkedin.com/company/宁波耀格新自动化科技有限公司,,宁波耀格新自动化科技有限公司,,1-10,
china,,b0EHrDB91gPHEu5XJougpQgF8Esd,information technology and services,linkedin.com/company/上海全马电子科技有限公司,,上海全马电子科技有限公司,,1-10,quanma-china.com
china,,DPImGAZWYjtcFkTpU4bEswcw6smL,information technology and services,linkedin.com/company/北京禾教科技有限公司,,北京禾教科技有限公司,,1-10,
china,,qkTsDeTx7husmCit3mL0lgCHWlO7,information technology and services,linkedin.com/company/北京华夏安业科技有限公司,,北京华夏安业科技有限公司,,1-10,
china,,h4W7rH2or3NGROPqXfW5FA84MQUM,information technology and services,linkedin.com/company/杭州亮仿科技有限公司,,杭州亮仿科技有限公司,,1-10,
china,,jCofWt5HRhNaqypgNEDYiAVMogDn,information technology and services,linkedin.com/company/北京快乐农夫科技有限公司,,北京快乐农夫科技有限公司,,1-10,
china,,a53PEnAX0Bf7QuUHrFbbOQtQvGNz,information technology and services,linkedin.com/company/南昌药妆生物科技有限公司,,南昌药妆生物科技有限公司,,1-10,paspa.taobao.com
china,,hsMSlHW9zjsVdD7T7LOhCwFhObQL,information technology and services,linkedin.com/company/上海冰清工业产品设计有限公司,guangzhou,上海冰清工业产品设计有限公司,guangdong,1-10,
china,,9XRceQyK0rtqMk7TwCOCyw3uCPCh,information technology and services,linkedin.com/company/北京泽泰科技有限责任公司,,北京泽泰科技有限责任公司,,1-10,zedtech.com.cn
china,,AnWkFCczLPwu4aO3NsB4Uw7amzqq,information technology and services,linkedin.com/company/北京天游互动科技有限公司,,北京天游互动科技有限公司,,1-10,
china,,mh4BO1tB6tYIpQKB7sRFCQQUsCZG,information technology and services,linkedin.com/company/胡杨网络科技-宁波-有限公司,,胡杨网络科技(宁波)有限公司,,1-10,
china,,TJXt7CuM7IMHgKTvwF7ucgt1xW36,information technology and services,linkedin.com/company/广东凯天环保科技有限公司,,广东凯天环保科技有限公司,,1-10,
china,,HZXnGCZRnJJbAtrVVXq8wAyXJK6V,information technology and services,linkedin.com/company/北京中仪泓瑞科技发展有限公司,,北京中仪泓瑞科技发展有限公司,,1-10,
china,,NuJMeksmJVxXcR4Rh3BvDgLmlGRg,information technology and services,linkedin.com/company/zhongan-network-technology-co.-ltd.,shenzhen,"zhongan network technology co., ltd.",guangdong,1-10,
china,,nNuhR7gMs3KeCw4eCTmSQgHd0jzt,information technology and services,linkedin.com/company/北京知变科技有限公司,,北京知变科技有限公司,,1-10,
china,,C0PXvh4f6Lxjh58fRIcY7wqEDFtg,information technology and services,linkedin.com/company/河北福罗德地板材料科技有限公司,,河北福罗德地板材料科技有限公司,,1-10,jimufloor.com
china,,WP5WK0FDIBIJXgxjelp2PAIbetam,information technology and services,linkedin.com/company/汕头市艾斯伦网络科技有限公司,,汕头市艾斯伦网络科技有限公司,,1-10,
china,,fPf6KirYwyfGaObQqnrjeAqEpBjK,information technology and services,linkedin.com/company/北京恒信凯博科技有限公司,,北京恒信凯博科技有限公司,,1-10,hxkaibo.com
china,,REbGvZgPebDPsCOYE5qAeQvsgbYZ,information technology and services,linkedin.com/company/vtech-technology-corp.,zhongshan,vtech technology corp.,guangdong,1-10,knowledgetech.com.tw
china,,JkD3AoO5QIbNmN8rDtYbUQtM13VK,information technology and services,linkedin.com/company/广东云店智慧科技有限公司,,广东云店智慧科技有限公司,,1-10,
china,,YWoKBs4MC1rFjWo9j7OqfwZvc4DO,information technology and services,linkedin.com/company/上海束优网络科技有限公司,,上海束优网络科技有限公司,,1-10,
china,,ZRtDaR9B0rtvJZUA2KhgGA3eUFyD,information technology and services,linkedin.com/company/南京翼飞雪生物科技有限公司,,南京翼飞雪生物科技有限公司,,1-10,
china,,tHJINelJmmitpy8peBCbjAgQMfiL,information technology and services,linkedin.com/company/江苏晓薇教育科技有限公司,,江苏晓薇教育科技有限公司,,1-10,xwketang.com
china,2016,KTPCsvh1CBIrMf4AGagbVgqfn0aa,information technology and services,linkedin.com/company/datapipelineinc,beijing,datapipeline,beijing,51-200,datapipeline.com
china,,VfCRYAEOV6cSQYuJmAHWMA5GlfFN,information technology and services,linkedin.com/company/中科创谷科技有限公司,,中科创谷科技有限公司,,1-10,
china,,MdKBjXuP3zR1xrTEfc2k6wAwQTw0,information technology and services,linkedin.com/company/潍坊德嘉高分子科技有限公司,,潍坊德嘉高分子科技有限公司,,1-10,
china,,EgbZsGddk0Ibu6XRRF5mFwe3h0l2,information technology and services,linkedin.com/company/广州尚缘网络科技有限公司,,广州尚缘网络科技有限公司,,1-10,
china,,UvBBebUExgraRRSybz4HYA51H08V,information technology and services,linkedin.com/company/北京凯新创达科技发展有限公司,,北京凯新创达科技发展有限公司,,1-10,
china,,dvMSupOxFd2tfTuyivO7wAQumJ0L,information technology and services,linkedin.com/company/广州候鸟湾供应链科技有限公司,,广州候鸟湾供应链科技有限公司,,1-10,
china,,a0PViTGR9AyFIuYDSyyfBAuPavP3,information technology and services,linkedin.com/company/北京科兴嘉业科技发展有限公司,,北京科兴嘉业科技发展有限公司,,1-10,
china,,hoaKHGud6TnzKQfJDXRt4gVfps3l,information technology and services,linkedin.com/company/北京中间教育科技有限公司,,北京中间教育科技有限公司,,1-10,zhongjianshuyuan.com
china,,C4trfnjgUmtEaoBClBpwCQUxuMos,information technology and services,linkedin.com/company/北京中天华太科技有限公司,,北京中天华太科技有限公司,,1-10,
china,,ysdQNxs3S7eKjgCTdhvFWwPOFtJn,information technology and services,linkedin.com/company/北京麦格天农科技发展有限公司,,北京麦格天农科技发展有限公司,,51-200,magtn.com
china,,knncFHsgdiMCACxLnmHX9wiywRaa,information technology and services,linkedin.com/company/山东通疆机械科技有限公司,,山东通疆机械科技有限公司,,1-10,
china,,t8ucpCODgBMMe6Weh0z0uwlUznMf,information technology and services,linkedin.com/company/上海雷骥电子科技有限公司,,上海雷骥电子科技有限公司,,1-10,
china,,1XtacyThmipVCrujjqpipA6pKN8Z,information technology and services,linkedin.com/company/深圳艾视锐科技有限公司,,深圳艾视锐科技有限公司,,1-10,
china,,6NCGFIzrMo2WOl52WK6p7g6pXri3,information technology and services,linkedin.com/company/上海幻动软件有限公司,,上海幻动软件有限公司,,1-10,
china,,d2BkPlrwyT1HcBvY4BmnEQJTbnt6,information technology and services,linkedin.com/company/上海尚物数据科技有限公司,,上海尚物数据科技有限公司,,1-10,inpms.net
china,,gLXBGCBXDVDPz2mRIHgH1wR27Yzj,information technology and services,linkedin.com/company/爱欧尼恩-北京-科技发展有限公司,,爱欧尼恩(北京)科技发展有限公司,,1-10,
china,,ly8nsPAc2TJpj9Cfd1fWWArw4vJk,information technology and services,linkedin.com/company/北京星联时空科技有限公司,,北京星联时空科技有限公司,,1-10,j1tuan.com
china,2014,ULe2n88JR9FCDDStgBcEoAfjMtSh,information technology and services,linkedin.com/company/重庆入围电子商务服务有限公司,,重庆入围电子商务服务有限公司,chongqing,11-50,
china,,jw5ZhEV53K3o7L8CEUntnQVUTYbB,information technology and services,linkedin.com/company/郑州创和科技有限公司,,郑州创和科技有限公司,,1-10,
china,,UFvuVwOcpIrbnW1ZRPt4CwHNJkVp,information technology and services,linkedin.com/company/福建大用生态农业综合发展有限公司,,福建大用生态农业综合发展有限公司,,1-10,dayern.com
china,,db0M35LmAWiZY8B9lBBNzAa57pmQ,information technology and services,linkedin.com/company/北京中创盛大科技有限公司,,北京中创盛大科技有限公司,,1-10,
china,,tKxDyt1VyIAqa4njbgRNVwDeM89b,information technology and services,linkedin.com/company/北京煜嘉兴业科技有限公司,,北京煜嘉兴业科技有限公司,,1-10,yujiaxingye.com
china,,szzmfGFhlOh53oGMFpSTugZdAdBm,information technology and services,linkedin.com/company/北京天力智慧科技有限责任公司,,北京天力智慧科技有限责任公司,,1-10,tlsdisplay.com
china,2015,dYC13SGdgw2lYeXsqRrW5A2hSXoW,information technology and services,linkedin.com/company/itworkschinainc.,shenzhen,itworks (china) inc.,guangdong,51-200,
china,,KRjOTnTaW0erH2ktphbubg1EP2Aa,information technology and services,linkedin.com/company/invengo-information-technology-co-ltd,shenzhen,"invengo information technology co., ltd",guangdong,1-10,
china,,XkqyCmqIQzULZrpP9YEQdAs2hfOk,information technology and services,linkedin.com/company/北京洪锐汽车技术服务有限公司,,北京洪锐汽车技术服务有限公司,,1-10,
china,,A6Mmktlr3zWM68nFcLX9XwZ721WK,information technology and services,linkedin.com/company/北京祥云创想科技有限公司,,北京祥云创想科技有限公司,,1-10,thinkyun.cn
china,,WnIWvtxC3JUcQm2qcBiBEwdYijGO,information technology and services,linkedin.com/company/北京科力怡达医疗技术有限公司,,北京科力怡达医疗技术有限公司,,1-10,
china,,owzXBV3JqCurIjJaBD0Q9QmWp64V,information technology and services,linkedin.com/company/中农安信股份有限公司,,中农安信股份有限公司,,1-10,
china,,g5iYfFKxvMFEzHd8g4Zz0QxFQvAn,information technology and services,linkedin.com/company/北京铭仕环保科技有限公司,,北京铭仕环保科技有限公司,,1-10,huantouhui.com
china,,Pf9OJB0ymAFuN7o6L64gXQnsowR3,information technology and services,linkedin.com/company/威海富华环保科技有限公司,,威海富华环保科技有限公司,,1-10,
china,,PBC3VFuzQKyelinfl3PbSwo0jgLE,information technology and services,linkedin.com/company/北京航天奥祥通风科技股份有限公司,,北京航天奥祥通风科技股份有限公司,,1-10,
china,,pOgKHCIzpbkf6PwOQTmJ1Q1gkLXi,information technology and services,linkedin.com/company/北京礼白万通科技有限公司,,北京礼白万通科技有限公司,,1-10,
china,,uSgkUSFNGb1d7T4PeQISigH6Yt6y,information technology and services,linkedin.com/company/北京东方京宁建材科技有限公司,,北京东方京宁建材科技有限公司,,1-10,
china,,2QzYLARNeDHxzzjwDVBE5QbdSnUV,information technology and services,linkedin.com/company/吉林正大农业开发有限公司,,吉林正大农业开发有限公司,,1-10,
china,,uB4p9fYBFEBPpB8omqeJTwRXPKru,information technology and services,linkedin.com/company/澜森科技-北京-有限公司,,澜森科技(北京)有限公司,,1-10,lasuntech.com
china,,qCpMYO7gmBeyT2NXCWYLBgHXsrB1,information technology and services,linkedin.com/company/北京大诚太和建筑科技有限公司,,北京大诚太和建筑科技有限公司,,1-10,beststeelhouse.com
china,,tm80kye9GmPJfwW6k8S6dA8WeU48,information technology and services,linkedin.com/company/北京九星信达科技有限公司,,北京九星信达科技有限公司,,1-10,
china,,q2THbKt80ljPi1q20VIf9Q3FxoWr,information technology and services,linkedin.com/company/北京优淏特医学科技股份有限公司,,北京优淏特医学科技股份有限公司,,1-10,euholter.cn
china,,Tq3AQCiCgb9KDRhnUGvRBQktnZEl,information technology and services,linkedin.com/company/百马树科贸-北京-有限公司,,百马树科贸(北京)有限公司,,1-10,
china,,lQHCf3fJtn1cPGUFjBXE8QArWgdd,information technology and services,linkedin.com/company/云南众码科技有限公司,,云南众码科技有限公司,,1-10,
china,,duJaSKXNnlVgcjEJCeBtZgCFHwbE,information technology and services,linkedin.com/company/北京瑞康乐科技发展有限公司,,北京瑞康乐科技发展有限公司,,1-10,rklsports.com
china,,iJCgOzXkPyIuFh7kY7MFbgcJKHqc,information technology and services,linkedin.com/company/北京汇思特科技有限责任公司,,北京汇思特科技有限责任公司,,1-10,bjwits.com
china,,MaNg1bJBwqNB67nPgtrwtQdXpLHK,information technology and services,linkedin.com/company/陕西木子农业开发有限公司,xi’an,陕西木子农业开发有限公司,shaanxi,1-10,
china,,iOQ8eJ1yA4o2Qu9r9n4GQgbOjmCM,information technology and services,linkedin.com/company/广州朋禾生物科技有限公司,,广州朋禾生物科技有限公司,,1-10,pal-well.com
china,,Od0eRTkULXrLKAQIzxL3JwxmhD06,information technology and services,linkedin.com/company/北京享威文化科技有限公司,,北京享威文化科技有限公司,,1-10,
china,,bjCGEEl6eXLVgmX4lt5ngg3uCKQb,information technology and services,linkedin.com/company/上海云璨信息技术有限公司,,上海云璨信息技术有限公司,,1-10,yuncan.com
china,,WxLBmKpX5WCeBLMR8jjkrQ5dtYUm,information technology and services,linkedin.com/company/洛阳品越网络科技有限公司,,洛阳品越网络科技有限公司,,1-10,lypinyue.com
china,,1QpmAFymbJCm4VU87T7RowmxWzQV,information technology and services,linkedin.com/company/广州乐霸网络科技有限公司,,广州乐霸网络科技有限公司,,1-10,
china,,aYrrgcytK05mzghRHQE1pAHAMLom,information technology and services,linkedin.com/company/雷邦斯生物技术-北京-有限公司,,雷邦斯生物技术(北京)有限公司,,1-10,
china,,FcRYfUGCJHd9dxEEtjEHuw9JAeYi,information technology and services,linkedin.com/company/融硅思创-北京-科技有限公司,,rgsc technology,,1-10,
china,,lCf9o6eBBXIznXK9TRZYYw2YH1eN,information technology and services,linkedin.com/company/北京泛贸展览服务有限公司,,北京泛贸展览服务有限公司,,1-10,pantradexpo.com
china,,RmG4euu1YBqr0d3z0UKpyQwHIOHA,information technology and services,linkedin.com/company/中船重工-上海-新能源有限公司,,中船重工(上海)新能源有限公司,,1-10,csic-newenergy.com
china,,iMch4VnGBCXvrvDljUPNkgoN23XT,information technology and services,linkedin.com/company/广西海量科技有限公司,,广西海量科技有限公司,,1-10,
china,,or50OCcBLYo7THM1JKBbgwoANJ96,information technology and services,linkedin.com/company/上海好库信息科技有限公司,,上海好库信息科技有限公司,,1-10,
china,,ylTOatISG3ZuLxvabUA7cA3YKHKZ,information technology and services,linkedin.com/company/中钢集团天津地质研究院有限公司,,中钢集团天津地质研究院有限公司,,1-10,meilimei.tmall.com
china,,B9fMCEnFuY6M9bXOJe96HAjxML70,information technology and services,linkedin.com/company/迈欧-北京-基因科技有限责任公司,,迈欧(北京)基因科技有限责任公司,,1-10,myomicsdx.com.cn
china,,K8f2bdtrP2Hz7t7g3YQnXwFUgNbL,information technology and services,linkedin.com/company/yueliu,,阅流,,51-200,yueliu.cn
china,,87CZ3qXB9lutgW6NILHZwANlcApM,information technology and services,linkedin.com/company/北京渥瑞达科技发展有限公司,,北京渥瑞达科技发展有限公司,,1-10,neworigin.net
china,,aG3MZwOOqrfLC8KxjdghOAE7FkKx,information technology and services,linkedin.com/company/亿安信达-北京-科技有限公司,,亿安信达(北京)科技有限公司,,1-10,daidaibang.com.cn
china,,wJ9fBWM4THG5dKaCyRssyQ33KDEs,information technology and services,linkedin.com/company/云南康创生物医药科技孵化有限公司,,云南康创生物医药科技孵化有限公司,,1-10,kcbiology.com
china,,0Q7CUSIDnldom9qaiWg5UQPXZ1lg,information technology and services,linkedin.com/company/北京盛天上游网络技术有限公司,,北京盛天上游网络技术有限公司,,1-10,
china,,oDBefENkXRNbjBYKviCthwbKW8jw,information technology and services,linkedin.com/company/沸腾生活-北京-科技传媒有限公司,,沸腾生活(北京)科技传媒有限公司,,1-10,
china,1995,yBPwNqKyFHqDdnRQ1OVgeQsDqAIZ,information technology and services,linkedin.com/company/hithink-royalflush-information-network-co-ltd,hangzhou,"hithink royalflush information network co.,ltd.",zhejiang,1001-5000,
china,,aXnWij1u7MogFVdYYsX3QA7acnaz,information technology and services,linkedin.com/company/杭州伟曦环保科技有限公司,,杭州伟曦环保科技有限公司,,1-10,
china,,9pgPZIVitTK61BZNR0Am9AaG7DHA,information technology and services,linkedin.com/company/daqi.com,,daqi.com,beijing,1-10,daqi.com
china,,M5fva3muztYSC4YpxDUhewY4aOTc,information technology and services,linkedin.com/company/上海彩坤信息技术有限公司,,上海彩坤信息技术有限公司,,1-10,
china,,fLzHjLkisBcGbhWDWqDLlArIh5p6,information technology and services,linkedin.com/company/上海泷盛科技有限公司,,上海泷盛科技有限公司,,1-10,longstech.com
china,,0ipLB7kcXqrwsv8hi0qB1w4eYhLb,information technology and services,linkedin.com/company/北京房江湖科技有限公司,,北京房江湖科技有限公司,,1-10,
china,,mtI6MhJWZbUqaMc6x1SzaADxgWrQ,information technology and services,linkedin.com/company/北京华诺互联科技有限公司,,北京华诺互联科技有限公司,,1-10,
china,,P91rvL0lWPK7RfbK7OiUkgyrEvyN,information technology and services,linkedin.com/company/雷德睦华医药科技-北京-有限公司,,雷德睦华医药科技(北京)有限公司,,1-10,
china,,prqUui11nY3iYKFlWzdDqA44Xu5p,information technology and services,linkedin.com/company/北京实达同创测控技术有限公司,,北京实达同创测控技术有限公司,,1-10,sdtcck.com
china,,G2lO5xl64pFrzZhLCB9MDgL9DJ3r,information technology and services,linkedin.com/company/深圳市智昊通信科技有限公司,,深圳市智昊通信科技有限公司,,1-10,
china,,meX5oKiC712cCXTNtlYB0gePYEHJ,information technology and services,linkedin.com/company/北京中科晶硕玻璃钢技术有限公司,,北京中科晶硕玻璃钢技术有限公司,,1-10,keshuo-water.com
china,,2qN578OvPst0HyGVoHPvSAUvCL7Y,information technology and services,linkedin.com/company/丽水市润生苔藓科技有限公司,,丽水市润生苔藓科技有限公司,,1-10,runshengmoss.taobao.com
china,2012,oHGGWPzill5OIbXAfsriigDd2AZu,information technology and services,linkedin.com/company/中关村意谷-北京-科技服务有限公司,,中关村意谷(北京)科技服务有限公司,,201-500,egu360.com
china,,iDGUuYan4E0FKaNXKbQnZQLVKyMf,information technology and services,linkedin.com/company/北京智天铭仕科技有限公司,,北京智天铭仕科技有限公司,,1-10,
china,,deoRExc1dmHty1HiTHxWAAIeAyod,information technology and services,linkedin.com/company/仁济天下-北京-科技有限公司,,仁济天下(北京)科技有限公司,,1-10,renyibang.com
china,,moxr3GmUhLHhZmqlKfHQuQX05IHt,information technology and services,linkedin.com/company/成都众柴科技有限公司,,成都众柴科技有限公司,,1-10,
china,,utJWKsuLoYsQxQKUYOWvmQFK9xbk,information technology and services,linkedin.com/company/成都中核高通同位素股份有限公司,,成都中核高通同位素股份有限公司,,1-10,cngt.com.cn
china,,TgpoCne2v4XISfJpEs8CzQqHJmzF,information technology and services,linkedin.com/company/北京伟博海泰生物科技有限公司,,北京伟博海泰生物科技有限公司,,1-10,
china,,IbyFeJNbA4BCherCkUtPpQMnXy9Q,information technology and services,linkedin.com/company/北京中诚动力信息技术有限公司,,北京中诚动力信息技术有限公司,,1-10,cnwell.com
china,,yjzzn2IYhkQ9dQphYbdkCABL86vO,information technology and services,linkedin.com/company/yek-mobile,shanghai,yek mobile,shanghai,1-10,yekmob.com
china,,KyVGOFFWip4fAmVCgDIKHwQxxNzH,information technology and services,linkedin.com/company/北京智链数字科技有限公司,,北京智链数字科技有限公司,,1-10,
china,,I7vKxYmbbGp1sO7yW4850AkJyWMQ,information technology and services,linkedin.com/company/上海友搜网络科技有限公司,,上海友搜网络科技有限公司,,1-10,
china,,208Haj8UX6fHIkIadAYPQwBqirpn,information technology and services,linkedin.com/company/北京阿米金服科技有限公司,,北京阿米金服科技有限公司,,1-10,
china,2015,4WUhXN3Sot67ygCiEck6ZweJa6Bt,information technology and services,linkedin.com/company/platinumanalytics&technologies,pudong,platinum analytics & technologies,shanghai,11-50,platinumanalytics.net
china,,L9rERq9R2OenICCDuovrvQmncoeO,information technology and services,linkedin.com/company/中卓信-北京-科技有限公司,,中卓信(北京)科技有限公司,,1-10,zhongzhuoxin.com
china,,hoie6z0pk9hEJVmu09sd2A9e71DW,information technology and services,linkedin.com/company/魔信-北京-科技有限公司,,魔信(北京)科技有限公司,,1-10,moyix.com
china,,iV8R22gKXMpqa9y6p2RBZQHKXnWU,information technology and services,linkedin.com/company/北京九艺圆明数字科技有限公司,,北京九艺圆明数字科技有限公司,,1-10,colornine.net
china,,uNhwzDFomZ2HIEoAHh62DAjhzFPZ,information technology and services,linkedin.com/company/北京全三维能源科技股份有限公司,,北京全三维能源科技股份有限公司,,1-10,
china,,V4bIRv8rDR2zyxWFCxJPjQV31W78,information technology and services,linkedin.com/company/北京东润日盛科技发展有限公司,,北京东润日盛科技发展有限公司,,1-10,
china,,SQVeZhS7sz63ugk73gpNCgFuXVSB,information technology and services,linkedin.com/company/北京采芮科技有限公司,,北京采芮科技有限公司,,1-10,
china,,ToQkT6ipEfyjWCKlKss7uwbKkmuu,information technology and services,linkedin.com/company/深圳市华创科新科技有限公司,,深圳市华创科新科技有限公司,,1-10,jc-yt.com
china,2003,Ki7iPyuZ4fKmMQtl0lQE5gVOJnwd,information technology and services,linkedin.com/company/zhengzhou-yisainuo-information-technology-co-ltd,,郑州易赛诺信息技术有限公司,,51-200,
china,,7BZ8VL5MeuGtGTQbLZbVNgWSoMXz,information technology and services,linkedin.com/company/武汉奇迹科技有限公司,,武汉奇迹科技有限公司,,1-10,
china,2017,FbukK4ffEskpzVYOa2xqCQ2b9Iul,information technology and services,linkedin.com/company/见乎数据科技-上海-有限公司,,见乎数据科技(上海)有限公司,,11-50,jianhushuju.com
china,,8cciQFMCd5T3o6dtinqC1QMhx6HS,information technology and services,linkedin.com/company/石家庄金卡电子科技有限公司,,石家庄金卡电子科技有限公司,,1-10,
china,,NCdWcIlEpqgzcVSgCJxfCgA4Sglc,information technology and services,linkedin.com/company/莱芜乐农节能科技有限公司,,莱芜乐农节能科技有限公司,,1-10,
china,,EMLDakeipBEhRPRj9oqfngm15ewK,information technology and services,linkedin.com/company/北京网道耕耘科技有限公司,,北京网道耕耘科技有限公司,,1-10,
china,,7xQ6v36IVbKYGLkUGiUHbwVPmjNw,information technology and services,linkedin.com/company/shanghai-aiqing-network-technology-co.-ltd.,changning,"shanghai aiqing network technology co., ltd.",shanghai,1-10,
china,,kcQCCGI1NmkNib8B5JIabgozFvZk,information technology and services,linkedin.com/company/北京普莱德新能源电池科技有限公司,,北京普莱德新能源电池科技有限公司,,501-1000,pride-power.com
china,,4vok7oAqlO0P0piewAkiRQcwKDbO,information technology and services,linkedin.com/company/北京小爱智能科技有限公司,,北京小爱智能科技有限公司,,1-10,workai.com.cn
china,2011,CgLsM5QBGiRObggAx30KwQSJw71u,information technology and services,linkedin.com/company/senjienergy,wuxi,"jiangsu senji new energy technology co., ltd.",jiangsu,201-500,senjienergy.com
china,,dvl7KmSRhNsD34xfpBqTKgHFWCuR,information technology and services,linkedin.com/company/南京茜美生物技术有限公司,,南京茜美生物技术有限公司,,1-10,
china,,BFpHwiy4GGW1OJyiWENOFwYs9hv2,information technology and services,linkedin.com/company/北京威米信科技有限公司,,北京威米信科技有限公司,,1-10,
china,,b8hJ0115rF9306S1fQDvjgndV440,information technology and services,linkedin.com/company/北京子铭数字科技有限公司,,北京子铭数字科技有限公司,,1-10,
china,,FDaB8U2snX6DzRZ4sBFRrQa0LkA0,information technology and services,linkedin.com/company/上海旭康环保科技有限公司,,上海旭康环保科技有限公司,,1-10,shxkhb.com
china,,CcjZDsfvLTzCKvZnze2YKAf9X6Iv,information technology and services,linkedin.com/company/涿州市万能技术服务有限公司,,涿州市万能技术服务有限公司,,1-10,
china,,N9l6FOP7rcgYRFywzcrzvwQAzdZb,information technology and services,linkedin.com/company/亚讯盈科技-北京-有限公司,,亚讯盈科技(北京)有限公司,,1-10,
china,,TwHs2iyccpdz7xQ80mWyMg31Gkd4,information technology and services,linkedin.com/company/北京万得嘉瑞汽车技术有限公司,,北京万得嘉瑞汽车技术有限公司,,1-10,wondercareway.com
china,,e0zLUlp2ppoYoaA5TUsViwmYt9yM,information technology and services,linkedin.com/company/宁波万芯诚电子科技有限公司,,宁波万芯诚电子科技有限公司,,1-10,
china,,uF37JphCkVUaVBk0aa9SBg9sVPkr,information technology and services,linkedin.com/company/天津台信检测技术有限公司,,天津台信检测技术有限公司,,1-10,
china,,PcwQdlBJFfIY5WqL2GB3sgfNrhJR,information technology and services,linkedin.com/company/中联研创-北京-科技有限公司,,中联研创(北京)科技有限公司,,1-10,
china,,cKdhEXSMy2F2xnwBCqS0TgqDctOj,information technology and services,linkedin.com/company/炫尚-北京-信息技术有限公司,,炫尚(北京)信息技术有限公司,,1-10,
china,,uP3b2PJQy5YHmcbrV6DhGANXrybw,information technology and services,linkedin.com/company/南宁市海汇新材料科技有限公司,,南宁市海汇新材料科技有限公司,,1-10,
china,,X5S69e18C8estoqLyY99nw9ZJBqJ,information technology and services,linkedin.com/company/江苏云快充新能源科技有限公司,,江苏云快充新能源科技有限公司,,1-10,
china,,ekZ7zijT18vZcC4U52bCqgKoyJba,information technology and services,linkedin.com/company/广州笛特敏生物科技有限公司,,广州笛特敏生物科技有限公司,,1-10,
china,,akinFHoL38HDFrkB8ad3GAH1Hjzx,information technology and services,linkedin.com/company/信合蜂巢教育科技-北京-有限公司,,信合蜂巢教育科技(北京)有限公司,,1-10,
china,,UeQQCUypKNVh2X7yquH8NgkFUNtc,information technology and services,linkedin.com/company/上海韩洁电子科技有限公司,,上海韩洁电子科技有限公司,,1-10,
china,,FbAuICVsLhecZYMc5NQ9Fw3sVjZx,information technology and services,linkedin.com/company/北京职安健科技有限公司,,北京职安健科技有限公司,,1-10,
china,,hIYvbPSwHh0sOA3zyRmjYAtFWkbA,information technology and services,linkedin.com/company/北京务新科技有限公司,,北京务新科技有限公司,,1-10,
china,,CHwd5krrGQig6KBZuFQ5vQMD6khk,information technology and services,linkedin.com/company/北京欧兰科技发展有限公司,,北京欧兰科技发展有限公司,,1-10,dpiv.cn
china,,BlZz3NWjw7Ay0RkfvO6BEwMmseMv,information technology and services,linkedin.com/company/industrious,zhangjiagang,industrious,sichuan,1-10,industrious.info
china,,csuqPDoFvmmrdkM4EugxKANB67Wq,information technology and services,linkedin.com/company/住化分析技术-上海-有限公司,,住化分析技术(上海)有限公司,,1-10,saes-china.cn
china,,cBl0dW4kVNzhnNCF3tyKPQAiD8Yj,information technology and services,linkedin.com/company/北京辛迈德龙科技有限公司,,北京辛迈德龙科技有限公司,,1-10,
china,,RHSp5Q4tx3gpixf6ED4xBA9Z511e,information technology and services,linkedin.com/company/北京迪埃维科技有限公司,,北京迪埃维科技有限公司,,1-10,deaive.com
china,,QQxun6WdWy1xEXhrvIC4wwqqjFop,information technology and services,linkedin.com/company/元迪科技-北京-有限公司,,元迪科技(北京)有限公司,,1-10,
china,,mCf89TmmRu84n9hYVpDYDA2wyVJc,information technology and services,linkedin.com/company/上海绎色数码科技有限公司,,上海绎色数码科技有限公司,,1-10,
china,,05BFJLUtIEjBAdSx4OrsIQLg2sLs,information technology and services,linkedin.com/company/j2k-solutions-limited,,j2k solutions limited,,11-50,
china,,zUViEHspLiDHccDrao2oPwFpG2F3,information technology and services,linkedin.com/company/北京中徽教育科技有限公司,,北京中徽教育科技有限公司,,1-10,bjzhedu.com
china,,ffBhtQ1Fr2BW11KYx599vQoIgq7x,information technology and services,linkedin.com/company/深圳市雷威克防雷技术有限公司,,深圳市雷威克防雷技术有限公司,,1-10,
china,,4hdWBQoLvBAoic0kD4ADaQE7XKGd,information technology and services,linkedin.com/company/成品家-北京-网络科技有限公司,,成品家(北京)网络科技有限公司,,1-10,chengpinjia.com
china,,Nx17WRBaPsBB0HDy66PHkwiPChAL,information technology and services,linkedin.com/company/北京尚鑫艺游科技有限公司,,北京尚鑫艺游科技有限公司,,1-10,
china,,3YBAVPxCP1JtKu5DjGSoeQyUSNRd,information technology and services,linkedin.com/company/东莞市卫花生物科技有限公司,,东莞市卫花生物科技有限公司,,1-10,
china,,u3sofISBfeqzDblCqTncYgUS3FQk,information technology and services,linkedin.com/company/北京快船科技有限公司,,北京快船科技有限公司,,1-10,quanpos.com
china,,6VmSRPPH36z9DZPm3L1TeQRauLJb,information technology and services,linkedin.com/company/北京吉欧泰和科贸有限公司,,北京吉欧泰和科贸有限公司,,1-10,
china,,4vQOutytptkyo5zHJVNB6gk1jE7V,information technology and services,linkedin.com/company/上海汉甲美容科技有限公司,,上海汉甲美容科技有限公司,,1-10,
china,,ClflTCG7m3tDYoXjzm0JAg5grSIw,information technology and services,linkedin.com/company/北京森昌泰和科技有限责任公司,,北京森昌泰和科技有限责任公司,,1-10,
china,,G7lrwGEQLtM17Bdg5esP8wQ09hxT,information technology and services,linkedin.com/company/美味不用等-上海-信息科技股份有限公司,,美味不用等(上海)信息科技股份有限公司,,1-10,
china,,8UXJ8n38RIQBIAbLzbEB5gKh3KYk,information technology and services,linkedin.com/company/热视际-北京-科技有限公司,,热视际(北京)科技有限公司,,1-10,themoedge.com
china,,jJTtjFmmPxf1j2ZZtGeJlg2GemRf,information technology and services,linkedin.com/company/安盈数据科技-天津-有限公司,,安盈数据科技(天津)有限公司,,1-10,
china,,PcQMSujznVC9IjCH4mVDRAwZ3eFo,information technology and services,linkedin.com/company/北京爱格富科技发展有限公司,,北京爱格富科技发展有限公司,,1-10,u88.cn
china,,JNDBEgaWj5GfHBazZrCrVwWvO7Dk,information technology and services,linkedin.com/company/北京中实科仁技术中心,,北京中实科仁技术中心,,1-10,
china,,zJGZmW5CbYrO1Gajb84NLQycIuSx,information technology and services,linkedin.com/company/北京亚炬同创技术有限公司,,北京亚炬同创技术有限公司,,1-10,
china,,OBZu53OdUCZzzdIT6sMTTgZeBil5,information technology and services,linkedin.com/company/上海威资德信息技术有限公司,,上海威资德信息技术有限公司,,1-10,
china,,nHMTBfYL28Y2ydCOKCrshwm6kkKV,information technology and services,linkedin.com/company/北京奥瑞卡科技服务有限公司,,北京奥瑞卡科技服务有限公司,,1-10,
china,,GlZI09zgqvtHL8km2X242gvjH8Gj,information technology and services,linkedin.com/company/上海铮竹信息科技有限公司,,上海铮竹信息科技有限公司,,1-10,shzhengzhu.com
china,,GrnC7Zrmvm23Ch0vPGTsBQS4fd4c,information technology and services,linkedin.com/company/北京中科中电能源科技有限公司,,北京中科中电能源科技有限公司,,1-10,
china,,JNSxcASUsIsODpLmo5p1VweTakD5,information technology and services,linkedin.com/company/上水云装国际科技-北京-有限公司,,上水云装国际科技(北京)有限公司,,1-10,
china,,cAJDNoMYCY3rAyJURTGhCwUQ0qTi,information technology and services,linkedin.com/company/河南绿家新能源科技有限公司,,河南绿家新能源科技有限公司,,1-10,
china,,VFJ9TjoibrBFVVsEtulaQASDqR9a,information technology and services,linkedin.com/company/深圳特维西科技有限公司,,深圳特维西科技有限公司,,1-10,
china,,CBVWBmVJXAwJSDV49ByMfQ6AyQwB,information technology and services,linkedin.com/company/陕西西北电器开关有限公司,xi’an,陕西西北电器开关有限公司,shaanxi,1-10,xbdianqi.com
china,,RZVR3TR0im84R6Vgd1eJzAyP9YRz,information technology and services,linkedin.com/company/北京倍辉科技有限公司,,北京倍辉科技有限公司,,1-10,bio-sun.com.cn
china,,vX9j07H9M59izMKu9FhCHwLZjBFD,information technology and services,linkedin.com/company/上海谦玛网络科技股份有限公司,,上海谦玛网络科技股份有限公司,,1-10,51wom.com
china,,Q7iXv6B8A0KB16Z8SzpB4w7sy9wj,information technology and services,linkedin.com/company/上海百纶集科技发展有限公司,,上海百纶集科技发展有限公司,,1-10,
china,,4GxwJYbAuTyWoctsP1DcWAtaxjKD,information technology and services,linkedin.com/company/广州嘉云信息科技有限公司,,广州嘉云信息科技有限公司,,1-10,
china,2011,We9348bodB70GBWOSRj2TA1QyjJE,information technology and services,linkedin.com/company/杭州宣贸网络科技有限公司,,杭州宣贸网络科技有限公司,,11-50,
china,,qK6xghF5ORfP1B97IBLuzgi4t0HR,information technology and services,linkedin.com/company/北京火谷网络科技股份有限公司,,北京火谷网络科技股份有限公司,,1-10,firevale.com
china,,BXy0nNhjdBb6oydTWp8vzwc4R6cB,information technology and services,linkedin.com/company/常州嬉戏谷智能科技产业有限公司,,常州嬉戏谷智能科技产业有限公司,,1-10,
china,,Lmpky4shL9S8St1fmURUzwW4Uq7R,information technology and services,linkedin.com/company/广东丰森第五能源科技有限公司,,广东丰森第五能源科技有限公司,,1-10,
china,,hSdfB4Gami89UDcF7pjxRg0Mvqys,information technology and services,linkedin.com/company/北京灯亿网络科技有限公司,,北京灯亿网络科技有限公司,,1-10,dengyiwang.com
china,,caotGbYNQCLQpOu2BCY1QANUKCQ3,information technology and services,linkedin.com/company/楚雄悦丰生物科技有限公司,,楚雄悦丰生物科技有限公司,,1-10,
china,,SpzLiiTaewAkk76Fhr1F4QbDerI0,information technology and services,linkedin.com/company/北京怡生飞扬科技发展有限公司,,北京怡生飞扬科技发展有限公司,,1-10,
china,,FiHzAjkZUrO25VSyQCiNoghGZPyJ,information technology and services,linkedin.com/company/蓬美互动-北京-科技有限公司,,蓬美互动(北京)科技有限公司,,1-10,
china,2008,WAWVw9u4gDEPiCZ1nIq3iAt7A2Ri,information technology and services,linkedin.com/company/上海华普嘉盛信息技术有限公司,,上海华普嘉盛信息技术有限公司,,11-50,huapucliason.com
china,,FomefcqcGwhVmUrNEZGgxAZSJCSm,information technology and services,linkedin.com/company/天津塞科凯尔科技有限公司,,天津塞科凯尔科技有限公司,,1-10,
china,2005,lu4tgmtAXslFoS8Z2aKBzwGKLEop,information technology and services,linkedin.com/company/xiamen-xindeco-iot-technology,xiamen,xiamen xindeco iot technology ltd.,fujian,51-200,xindecoiot.com
china,,EdH4EaNzk9CsClwOwd9vAQ9YGwjj,information technology and services,linkedin.com/company/北京和信创天科技股份有限公司,,北京和信创天科技股份有限公司,,1-10,vesystem.com
china,,nbtH6L4Mqy84Lbnaf0TQ0Q5QKU54,information technology and services,linkedin.com/company/郑州博弈科技技术有限公司,,郑州博弈科技技术有限公司,,1-10,
china,,Sk23i8YwShvBIMOI6liBegTkmjHk,information technology and services,linkedin.com/company/四川优极域农业科技有限公司,,四川优极域农业科技有限公司,,1-10,
china,,JoqujhaJwidBdeNc0uSmEg99Xjba,information technology and services,linkedin.com/company/上海洁开新能源科技有限公司,,上海洁开新能源科技有限公司,,1-10,
china,,1LhylBLbBS493sKnokJa9Q0e95Aa,information technology and services,linkedin.com/company/北京联合优至科技有限责任公司,,北京联合优至科技有限责任公司,,1-10,ugsmax.com
china,,1BFJyL0d8gNwHCZLIThZXQIDaIUR,information technology and services,linkedin.com/company/唐山金鼎盛生物科技有限公司,,唐山金鼎盛生物科技有限公司,,1-10,
china,,ohEt8VwBcl5rvS3Z797xXAJL8tuy,information technology and services,linkedin.com/company/北京睿澎网络科技有限公司,,北京睿澎网络科技有限公司,,1-10,ruipengwang.com
china,,dcaYBTlfbrpHyNZZ8i1DZgugAqRi,information technology and services,linkedin.com/company/北京中兵泰克科技有限公司,,北京中兵泰克科技有限公司,,1-10,chinamems.cn
china,,o556Mql1q3TZ4qp51qDjHgJLwy5W,information technology and services,linkedin.com/company/上海维程计算机信息技术有限公司,,上海维程计算机信息技术有限公司,,1-10,51eweb.cn
china,,gsZdcvXmUjwvjnPgL0rsNQKuYF6e,information technology and services,linkedin.com/company/中石化裕福支付技术有限公司,,中石化裕福支付技术有限公司,,1-10,syfpay.com
china,,r8xBDjMPi8pTjc6mBOCzwQIUqbnL,information technology and services,linkedin.com/company/北京晨淼科技有限公司,,北京晨淼科技有限公司,,1-10,
china,,V2N1Iq0IXRC3jhDLQKTg1Qcx64SJ,information technology and services,linkedin.com/company/湖南大拓三维数字技术有限公司,,湖南大拓三维数字技术有限公司,,1-10,babybbt.com
china,,CxwOlhB4mzmwt1sIGoF1dguutff7,information technology and services,linkedin.com/company/北京博通联达科技有限公司,,北京博通联达科技有限公司,,1-10,etonpay.com
china,,x3cyUKQ6IZKyqQh4tahdzQHca1SG,information technology and services,linkedin.com/company/北京扬子江科贸有限公司,,北京扬子江科贸有限公司,,1-10,chinatruck.com.cn
china,,puA00L2dn39caBozJ6JjhgroqcwA,information technology and services,linkedin.com/company/上海汇像信息技术有限公司,,上海汇像信息技术有限公司,,1-10,x-imaging.com
china,,GtFCt5cMYO05VXCZxULvlwBfR9EL,information technology and services,linkedin.com/company/北京九二零科技有限公司,,北京九二零科技有限公司,,1-10,bj920.com
china,,CGjS7qdbL4XLEDimk10GPwEqE51I,information technology and services,linkedin.com/company/北京捷普兰科技有限公司,,北京捷普兰科技有限公司,,1-10,jitplan.com
china,,ikS3Un26u7h9PPyQSdVCVQOyHOcE,information technology and services,linkedin.com/company/北京金电恒通科技有限公司,,北京金电恒通科技有限公司,,1-10,ifcht.com
china,,DaguC98pmWmjRlXWVaal8AHD2spz,information technology and services,linkedin.com/company/北京辉煌天下教育科技有限公司,,北京辉煌天下教育科技有限公司,,1-10,
china,,kot3q2QpCLZ9Dr1TF8xiCQmc2Gg3,information technology and services,linkedin.com/company/北京优尼莘辉科技有限公司,,北京优尼莘辉科技有限公司,,1-10,uibibj.com.cn
china,,hHXhFCIExeoFebc6KRFDKwfy07vQ,information technology and services,linkedin.com/company/北京米仁科技有限公司,,北京米仁科技有限公司,,1-10,
china,,vJeMyBPyXLjU5Xzv4c3gAAvmDGOp,information technology and services,linkedin.com/company/诺森科技-深圳-有限公司,,诺森科技(深圳)有限公司,,1-10,
china,,n6kzUmlrs4RtnrR9dX6zzQE1k0uN,information technology and services,linkedin.com/company/北京雷宇科技有限公司,,北京雷宇科技有限公司,,1-10,leiyukeji.cn
china,,6kIB1d41olFYMxKWIAOPmAR9XE3z,information technology and services,linkedin.com/company/guiyao-tech,,"guiyao tech co., ltd - unlock the potential of human beings.",,51-200,sh-guiyao.com
china,,X0IsaNHyfDoo6hMBTC9kAAfS5ool,information technology and services,linkedin.com/company/北京合盛纺科技有限公司,,北京合盛纺科技有限公司,,1-10,henonwovens.com
china,,CNXGxEu5Ia0MBYjhtPZDCgDJJP1D,information technology and services,linkedin.com/company/上海锐拓信息科技有限公司,,上海锐拓信息科技有限公司,,1-10,
china,,0gqIi6WdlCirRudQnnxyfw1CqwRb,information technology and services,linkedin.com/company/北京百奥思科生物医学技术有限公司,,北京百奥思科生物医学技术有限公司,,1-10,
china,,0higqUBhq0oz5CrtDdhBRggMENvk,information technology and services,linkedin.com/company/beijing-ahelios-consulting,shanghai,beijing ahelios consulting,shanghai,1-10,
china,,HVaVhQynDUCQZaTSGQPlmQZ287pi,information technology and services,linkedin.com/company/北京万方盛贸科技发展有限公司,,北京万方盛贸科技发展有限公司,,1-10,bjwanfang.com
china,,zc85p5Y6srDf71fmLWBBAQmWkois,information technology and services,linkedin.com/company/北京三众合创科技有限公司,,北京三众合创科技有限公司,,1-10,
china,,n9TLvylRovUYywDZh5ReOwOJdUzs,information technology and services,linkedin.com/company/北京昊瑞昌科技有限公司,,北京昊瑞昌科技有限公司,,1-10,bjhrckj.com
china,,EO3Ani3eKniCXDAy6JiQ6guVe3XB,information technology and services,linkedin.com/company/北京洛斯达科技发展有限公司,,北京洛斯达科技发展有限公司,,1-10,
china,,p1mfCX1qJc7XsGlmIxmnPQiFAW4o,information technology and services,linkedin.com/company/上海翌虹信息技术有限公司,,上海翌虹信息技术有限公司,,1-10,
china,,4uU1uwzH2ABYOBIEkPCRDgecvzDz,information technology and services,linkedin.com/company/优城-宁波-地铁科技有限公司,,优城(宁波)地铁科技有限公司,,1-10,ucitymetro.com
china,,0LRsV0JYiuEz3dpCq2ponwum2XeE,information technology and services,linkedin.com/company/上海斯瑞文特种油品科技有限公司,,上海斯瑞文特种油品科技有限公司,,1-10,siruiwen.com
china,,tW4tRlZ2e90dlCaQRCrJpgxLaSCI,information technology and services,linkedin.com/company/北京盛安兴达科技有限公司,,北京盛安兴达科技有限公司,,1-10,
china,,ejFEU84pPZYn0cvBZIblxwJ6Wiuj,information technology and services,linkedin.com/company/北京东方鸿泰科技有限公司,,北京东方鸿泰科技有限公司,,1-10,easthotech.com
china,,WD4bDBpdRkNXSETjX6zFMgKdfswj,information technology and services,linkedin.com/company/北京尚成运科技有限公司,,北京尚成运科技有限公司,,1-10,
china,,RVfmluudUZO76SXh2Y80oQx5QsNJ,information technology and services,linkedin.com/company/上海丰研数码科技有限公司,,上海丰研数码科技有限公司,,1-10,fengyan-sh.com
china,,QiYAHvOl8wIWltobYUE4fwZg9QC2,information technology and services,linkedin.com/company/北京亦马联传动科技有限公司,,北京亦马联传动科技有限公司,,1-10,
china,,IZ3N1OvBA1oH9Fsx9Z1UhQJHVDjV,information technology and services,linkedin.com/company/北京妙策士医疗科技有限公司,,北京妙策士医疗科技有限公司,,1-10,
china,,1B63W15ggszqmCipFkP1zQ2kpQye,information technology and services,linkedin.com/company/北京中普车房网科技有限公司,,北京中普车房网科技有限公司,,1-10,
china,,V2X2xjrvOTCi97j4kCanOw6QXSBf,information technology and services,linkedin.com/company/自由人-北京-信息技术开发有限公司,,自由人(北京)信息技术开发有限公司,,1-10,
china,,znIEWQGiFbAsDjo8tC6jNA80aGTK,information technology and services,linkedin.com/company/深圳市康维讯视频科技有限公司,,深圳市康维讯视频科技有限公司,,1-10,komvision.com
china,,nckzBnpIREa1m93Bj2mYhQ9ZT3js,information technology and services,linkedin.com/company/徐州国贸新材料有限公司,,徐州国贸新材料有限公司,,1-10,shop1425401177374.1688.com
china,,LHWp6D3sTvqUkudKNtodNgt2wV9D,information technology and services,linkedin.com/company/北京云奥科技有限公司,,北京云奥科技有限公司,,1-10,080707.cn
china,,9UQlcyXmNyQX61U5PfYtYg9JTtVR,information technology and services,linkedin.com/company/北京三奇拓达科技有限公司,,北京三奇拓达科技有限公司,,1-10,
china,,c5rJUxsqYBhNvPxy4hRITwvj5Imi,information technology and services,linkedin.com/company/北京华仪高科科技有限公司,,北京华仪高科科技有限公司,,1-10,
china,,vfAUC8QkUh9ZNJRCQZH5Dgd5ozO9,information technology and services,linkedin.com/company/北京环宇通达科技有限公司,,北京环宇通达科技有限公司,,1-10,hyitech.com
china,,NBOo2utCq38qKGXRB5PvWw3jdG7g,information technology and services,linkedin.com/company/江苏惠科网络科技有限公司,,江苏惠科网络科技有限公司,,1-10,2345623456.com
china,,mUkKyagaQm5C2yNPjlBonweefjiW,information technology and services,linkedin.com/company/天佑创世-北京-网络科技有限公司,,天佑创世(北京)网络科技有限公司,,1-10,
china,,UBUowWzNB8P4r9PubgowkwelYBXZ,information technology and services,linkedin.com/company/上海凌姝生物科技有限公司,,上海凌姝生物科技有限公司,,1-10,
china,,H0xCVC08KVTYoBXhmLrcCgbTVmIc,information technology and services,linkedin.com/company/上海莱泰生物科技有限公司,,上海莱泰生物科技有限公司,,1-10,
china,,okBjLtunFlplfnYA51nBqAru7JMr,information technology and services,linkedin.com/company/广州和博生物科技有限公司,,广州和博生物科技有限公司,,1-10,
china,,24spdMlLoVu45oA0UjdwWA4dzXjk,information technology and services,linkedin.com/company/北京亿汇友胜科技发展有限公司,,北京亿汇友胜科技发展有限公司,,1-10,
china,,PFrysZ0Z7vZmN7bJGDoBWQdSWCAD,information technology and services,linkedin.com/company/北京柴门网络技术有限责任公司,,北京柴门网络技术有限责任公司,,1-10,
china,,dWhbo1vsIIXbPfPZavWx0QqlIgkh,information technology and services,linkedin.com/company/北京八零创想科技有限公司,,北京八零创想科技有限公司,,1-10,
china,,mPgNGO5ejvwN7WyOXGxBjApnE375,information technology and services,linkedin.com/company/武汉世铭传新能源科技有限公司,,武汉世铭传新能源科技有限公司,,1-10,smcxny.com
china,,5C0bavyQdbDfz0h8XvKfuQRfmoVQ,information technology and services,linkedin.com/company/武汉光派信息技术有限公司,,武汉光派信息技术有限公司,,1-10,618gp.com
china,,wsplr83dIgKWPROuePThsQxsk2GC,information technology and services,linkedin.com/company/fujian-electron-port-inc.,,"fujian electron port, inc.",,1-10,
china,,CmmughBAXSVLqpXayiCxRAILjYDp,information technology and services,linkedin.com/company/光彩年华-北京-科贸有限公司,,光彩年华(北京)科贸有限公司,,1-10,gcnh.taobao.com
china,,BfYKtNALvCF57lfriun9JA0dCmZO,information technology and services,linkedin.com/company/天津泛茵德泰石油环保科技发展股份有限公司,,天津泛茵德泰石油环保科技发展股份有限公司,,11-50,
china,,lsi2ECa1bss10RnaepCCBgzOxQ01,information technology and services,linkedin.com/company/营商国际网络科技-北京-有限公司,,营商国际网络科技(北京)有限公司,,1-10,
china,,S23Bxz58udsrgvG1fGnJJwewMbCH,information technology and services,linkedin.com/company/北京有色金属与稀土应用研究所,,北京有色金属与稀土应用研究所,,51-200,ysxts.com
china,,f3omux0fwgaKUnKxbJKHxwbw5DPL,information technology and services,linkedin.com/company/深圳市铭镭激光科技有限公司,,深圳市铭镭激光科技有限公司,,1-10,
china,,gkyaXcoUAiB3yIm2ZlUBGg3TOG4Z,information technology and services,linkedin.com/company/沈阳维拓科技有限责任公司,,沈阳维拓科技有限责任公司,,1-10,
china,,AatvpELyBEKbC6qSBaDOVg2OWI4W,information technology and services,linkedin.com/company/杭州长系科技有限公司,,杭州长系科技有限公司,,1-10,
china,,DOWrZCzWEzkT8qCpMWGQWwjABqVT,information technology and services,linkedin.com/company/北京同力数矿科技有限公司,,北京同力数矿科技有限公司,,1-10,tlsk.com.cn
china,,NyRsEW4wuZ4py8ZJCpHvTQK4diIL,information technology and services,linkedin.com/company/上海权析金融信息技术服务有限公司,,上海权析金融信息技术服务有限公司,,1-10,qxjr.com.cn
china,,bJAcAi2gUE70h2PVynNSUgygya7b,information technology and services,linkedin.com/company/简婚-北京-科技有限公司,,简婚(北京)科技有限公司,,1-10,ijianhun.com
china,,bdPSnkVdoPabJdPAvaHukQG4OOfa,information technology and services,linkedin.com/company/shenzhen-diaobao-interactive-entertainment-co.-ltd.,,"shenzhen diaobao interactive entertainment co., ltd.",,1-10,
china,,MhUWKqL9qigszhMVuN5PzwkpLfcv,information technology and services,linkedin.com/company/南京春秋生物工程有限公司,,南京春秋生物工程有限公司,,1-10,springautumn.com.cn
china,,sECggzexNI6tprwbHHBkqQC0uruT,information technology and services,linkedin.com/company/湖北索拓星蓝科技有限公司,,湖北索拓星蓝科技有限公司,,1-10,soarto.com.cn
china,,7rzwTClBWRGBrdw7NGZ6Tw9wVZhJ,information technology and services,linkedin.com/company/唐山博凯农业科技有限公司,,唐山博凯农业科技有限公司,,1-10,
china,,C26C6y0MpfKiERGCPslMPAt7ss4G,information technology and services,linkedin.com/company/深圳市倍诺通讯技术有限公司,,深圳市倍诺通讯技术有限公司,,51-200,nb315.com
china,,w2wnRjkxnbRBSNE0EMSrLgEOOB4z,information technology and services,linkedin.com/company/北京叭叭呜科技有限公司,,北京叭叭呜科技有限公司,,1-10,
china,,ogDegBSmSAqHit9JMYvCCAwxV8Mf,information technology and services,linkedin.com/company/正新易保科技有限公司,,正新易保科技有限公司,,1-10,
china,,PgXV54NHjTGULFgXua23UQd9CGSy,information technology and services,linkedin.com/company/安徽科大纵横教育科技有限公司,,安徽科大纵横教育科技有限公司,,1-10,ustcplus.com
china,,JhIRuZU71UYDi0SO6X2NCA65sUAt,information technology and services,linkedin.com/company/北京幺正科技有限公司,,北京幺正科技有限公司,,1-10,unitarity.cn
china,,9B8gChCbU9VZHx5kAFDz8Qrs5qZu,information technology and services,linkedin.com/company/北京汇科晶电科技有限公司,,北京汇科晶电科技有限公司,,1-10,
china,,eHoCxSWSmOTaIwQCDNhyaQQQie4s,information technology and services,linkedin.com/company/北京万生元新农业科技发展有限公司,,北京万生元新农业科技发展有限公司,,1-10,
china,,92ueYDFX5jCok8XEjzHgqwOUGHvO,information technology and services,linkedin.com/company/北京长石京源电子技术有限公司,,北京长石京源电子技术有限公司,,1-10,charmsstone.com
china,,VYJeqyeG5BKP046AfdkNZwyEN2ta,information technology and services,linkedin.com/company/国大-天津-科技发展有限公司,,国大(天津)科技发展有限公司,,1-10,
china,,pZz6BBmkkiGkfZxhtqouxwN2jTyd,information technology and services,linkedin.com/company/安徽先能新能源科技股份有限公司,,安徽先能新能源科技股份有限公司,,1-10,
china,,jwasuEA9bgfaA0mc2AfsNgdKuZSp,information technology and services,linkedin.com/company/乐开心-北京-科技发展有限公司,,乐开心(北京)科技发展有限公司,,1-10,
china,,Pq0jUj1oBH5tkgtM3gu5GwuF243M,information technology and services,linkedin.com/company/纳琦环保科技有限公司,,纳琦环保科技有限公司,,11-50,naturegiving.cn
china,,a9C8CrdAqsE5FFexnHr2PAwlyhmZ,information technology and services,linkedin.com/company/浙江加澜数码科技有限公司,,浙江加澜数码科技有限公司,,1-10,
china,,RkSViuBacUzsCGcatDnubApNwhaN,information technology and services,linkedin.com/company/中关村领创空间科技服务有限责任公司,,中关村领创空间科技服务有限责任公司,,1-10,innoz.com
china,,VuRHFoM8ieHs3axpqwsCLgIbR2bj,information technology and services,linkedin.com/company/英睿信息科技-常州-有限公司,,英睿信息科技(常州)有限公司,,1-10,
china,,tU4yYXF1tfbdWP37L4WicgWTN4Tc,information technology and services,linkedin.com/company/北京小狮子网络技术有限公司,,北京小狮子网络技术有限公司,,1-10,bjxiaoshizi.com
china,,KTQJmPUM37K0MB9Y5M02TAtjZbRM,information technology and services,linkedin.com/company/广州市楹晟生物科技有限公司,,广州市楹晟生物科技有限公司,,1-10,
china,,MnV5Ze2TyB6kxv0kPxzL2waieOgk,information technology and services,linkedin.com/company/科大天工智能装备技术-天津-有限公司,,科大天工智能装备技术(天津)有限公司,,1-10,
china,,ekEYLoCXjyTq1wmRxw9y1gYqxVz6,information technology and services,linkedin.com/company/深圳市达视星科技有限公司,,深圳市达视星科技有限公司,,1-10,
china,,fT1hu5MQa8WihQ0yRU5p5Q9T6Dy7,information technology and services,linkedin.com/company/辽宁易邦生活科技有限公司,,辽宁易邦生活科技有限公司,,1-10,
china,,8cy3Dnro35xuBgTUYF44ZgLD0HxP,information technology and services,linkedin.com/company/北京合利能科技有限公司,,北京合利能科技有限公司,,1-10,bjhln.com
china,,413o6uBP76Htakk3lzbGygqIDOAB,information technology and services,linkedin.com/company/郑州烁乾科技有限公司,zhoukou,郑州烁乾科技有限公司,henan,1-10,
china,,UwREhnNwsZHYW9cUXuhA7gcwtyig,information technology and services,linkedin.com/company/北京恩典美都生态环保科技有限公司,,北京恩典美都生态环保科技有限公司,,1-10,
china,,S9NFgCurDaEmNBcLPoJo9wghg9IP,information technology and services,linkedin.com/company/北京众拓绿城科技有限公司,,北京众拓绿城科技有限公司,,1-10,zhongtuolvcheng.com
china,,BGhiLFXE6BGjs4NPy78lew5LZpxr,information technology and services,linkedin.com/company/xinhua-mobile-limited,,xinhua mobile limited,,1-10,
china,,asw4h6aMat7WjCRniIA3LweLINkW,information technology and services,linkedin.com/company/北京世纪慧桥国际教育科技有限公司,,北京世纪慧桥国际教育科技有限公司,,1-10,
china,,OYrueRvoVGr0CTBBOQsqTAcNXe6Q,information technology and services,linkedin.com/company/北京恒远恒信科技发展有限公司,,北京恒远恒信科技发展有限公司,,1-10,samsunghyhx.tmall.com
china,,VjWFmhjVP7SI2MdK3k7AGQcU1hu5,information technology and services,linkedin.com/company/佛山市宏瑞德新能源精密设备有限公司,,佛山市宏瑞德新能源精密设备有限公司,,1-10,
china,,8P8TKkLpN91FlJ1HsXbbOAnrpJPF,information technology and services,linkedin.com/company/广州杰迅通信技术有限公司,,广州杰迅通信技术有限公司,,1-10,
china,,lqkKUFiC47XNzuaSvbRNnwWBqcgz,information technology and services,linkedin.com/company/百诚源科技有限公司,,百诚源科技有限公司,,1-10,
china,,G5mNxKdE5h6BKBIole2WuAY7HnEi,information technology and services,linkedin.com/company/北京日青科贸有限公司,,北京日青科贸有限公司,,1-10,riqing.net
china,,lcX0ONlQh3FNL5BJnd1voQo1mSpE,information technology and services,linkedin.com/company/北京浩普联合材料技术有限责任公司,,北京浩普联合材料技术有限责任公司,,1-10,hope2003.com.cn
china,,xb1Dx9hCDbuhhrQB1nBk1QJKsTwi,information technology and services,linkedin.com/company/广州汇格生物科技有限公司,,广州汇格生物科技有限公司,,1-10,
china,,y7s4c8ZYP1ANQkst0Ci8lQDBso5C,information technology and services,linkedin.com/company/广西百师堂信息科技有限公司,,广西百师堂信息科技有限公司,,1-10,
china,,CqKoRnssNXSDX2nCNcxn6wrt8Lnj,information technology and services,linkedin.com/company/北京博恩环宇科技有限公司,,北京博恩环宇科技有限公司,,1-10,
china,,RKicakykzKRhrDCDzxTsngTFIkuZ,information technology and services,linkedin.com/company/广州安兴光电科技有限公司,,广州安兴光电科技有限公司,,1-10,anxingchina.cn
china,,Dvj4BeYqEPIxWl3hfuNVTAsM2lhn,information technology and services,linkedin.com/company/上海罗中科技发展有限公司,,上海罗中科技发展有限公司,,1-10,roachelab.com
china,,T00xqTkCuA6XHnudlF4iBwagt1H6,information technology and services,linkedin.com/company/北京八号楼科技有限公司,,北京八号楼科技有限公司,,1-10,
china,,ldWQBhnvgPNfVdjkyJwbnQwkuaQK,information technology and services,linkedin.com/company/allstaff-outsourcing,,allstaff outsourcing,,11-50,
china,,G9dDx8otcH7xwfn1bbN5OgUYASZl,information technology and services,linkedin.com/company/成都拓航网络科技有限公司,,成都拓航网络科技有限公司,,1-10,
china,,wRtrPH4DXlZjRI8e5KMjjAFM79rE,information technology and services,linkedin.com/company/北京艾姆克科技有限公司,,北京艾姆克科技有限公司,,1-10,emct.com.cn
china,,CoXoflvv5CQit0H6nUd2iQ1ODK9X,information technology and services,linkedin.com/company/杭州谱地新能源科技有限公司,,杭州谱地新能源科技有限公司,,1-10,
china,,31tn8vcDA2YsemmJgklIhA9lbJ25,information technology and services,linkedin.com/company/亿江-北京-科技发展有限公司,,亿江(北京)科技发展有限公司,,1-10,yeejoin.com
china,,IU39QWx5k1M2KH5OJ3N9gAgELOyD,information technology and services,linkedin.com/company/北京盛世云创信息技术有限责任公司,,北京盛世云创信息技术有限责任公司,,1-10,ssyc.cc
china,,3PpCkr9xRr0be9bJSNCDmAhxrT6h,information technology and services,linkedin.com/company/北京京投亿雅捷交通科技有限公司,,北京京投亿雅捷交通科技有限公司,,1-10,bii-erg.com
china,,Fejv9qWZRLnLPKfYAmykeQ6QyDpA,information technology and services,linkedin.com/company/北京华信鼎业科技有限公司,,北京华信鼎业科技有限公司,,1-10,
china,,8UP1qGtKewC9mg8pqptgbgXziTWz,information technology and services,linkedin.com/company/杭州欧珠科技有限公司,,杭州欧珠科技有限公司,,1-10,
china,,FWsbBuXuBmXYu5FVt4XvBQAHJNXD,information technology and services,linkedin.com/company/北京女王美生物科技有限公司,,北京女王美生物科技有限公司,,1-10,
china,,oHa8onCsPxajUXtp7ZHE8Aa1gMKH,information technology and services,linkedin.com/company/北京创晟源科技有限公司,,北京创晟源科技有限公司,,1-10,
china,,2CQmxiXgUCy3a7dNTAt8HAorpBoN,information technology and services,linkedin.com/company/北京天秦易商科技发展有限公司,,北京天秦易商科技发展有限公司,,1-10,
china,,Hm1nZGLsnS8kRpK7NjzE5Ag5dBWY,information technology and services,linkedin.com/company/欧科能源技术-天津-有限公司,,欧科能源技术(天津)有限公司,,1-10,okaytj.com
china,,vHaONIeSgPPO31JqMETYWwLkrohx,information technology and services,linkedin.com/company/合肥晌玥科技有限公司,,合肥晌玥科技有限公司,,1-10,
china,,PwRpDC3gJvefpkWDZrxQFwcjcmME,information technology and services,linkedin.com/company/猎鹰在线网络技术-北京-有限公司,,猎鹰在线网络技术(北京)有限公司,,1-10,
china,,J7eBXptMHf9vFVjWNYugcQlwicJz,information technology and services,linkedin.com/company/易维电子商务-北京-有限公司,,易维电子商务(北京)有限公司,,1-10,
china,,pRqMWPTpAohg7qRWPAXAXQAbvkJE,information technology and services,linkedin.com/company/北京众数世纪科技有限公司,,北京众数世纪科技有限公司,,1-10,
china,,00g2zxyAQ6ZhJQB34tXlkAUBsJyU,information technology and services,linkedin.com/company/北京道恩博瑞科技有限公司,,北京道恩博瑞科技有限公司,,1-10,
china,,RenKUpHmcGBb2CGWZRBSRQAcJc7e,information technology and services,linkedin.com/company/北京欢乐部落科技有限公司,,北京欢乐部落科技有限公司,,1-10,
china,,3CKMmULmKQRAkKvCtAPXmgXqv9Vd,information technology and services,linkedin.com/company/北京迎客中梦科技有限公司,,北京迎客中梦科技有限公司,,1-10,
china,,2rFPGL9ROlC8OIpyiV8m0ANtwSoh,information technology and services,linkedin.com/company/武汉港迪智能技术有限公司,,武汉港迪智能技术有限公司,,1-10,
china,,BkcU3vqr9QvOSNgwPBBuTg1ws3V7,information technology and services,linkedin.com/company/广东夏龙通信有限公司,,广东夏龙通信有限公司,,1-10,cdt.cc
china,,176ZJdRntpBx2KEcLS2gsA9eMkHh,information technology and services,linkedin.com/company/北京华文益方科技有限公司,,北京华文益方科技有限公司,,1-10,efont.com.cn
china,,WjWaRjz35KpvpiBkWybqxADIheU9,information technology and services,linkedin.com/company/桂林市荣嘉环保科技有限公司,,桂林市荣嘉环保科技有限公司,,1-10,glrjhb.com
china,,zKGLOifvg44uvuB1QLljiwbXo2zM,information technology and services,linkedin.com/company/挚友诚达科技-北京-有限公司,,挚友诚达科技(北京)有限公司,,1-10,
china,,g6i9oMBh9bVndRPrqIo0xA2c2qiq,information technology and services,linkedin.com/company/山东顶创新能源有限公司,,山东顶创新能源有限公司,,1-10,
china,,XM9scBBdPKxfBBiw4jzS0QUVwK1T,information technology and services,linkedin.com/company/北京易捷联创科技有限公司,,北京易捷联创科技有限公司,,1-10,
china,,O9jW7Ty6JfjxHd5smPueQQ8QUkX9,information technology and services,linkedin.com/company/北京美视源科技有限公司,,北京美视源科技有限公司,,1-10,
china,,XQqGs1XCPuBB1vISNRY69gJFpi4B,information technology and services,linkedin.com/company/technol-science,,technol science,,1-10,technol.cn
china,,xCfh6oE8tKjc9R8xNTsxfg2f2oIy,information technology and services,linkedin.com/company/广州傅诺生物科技有限公司,,广州傅诺生物科技有限公司,,1-10,gzfunuo.com
china,,WR8SpqMdo1Cnm8I3zT72VQlsWp5P,information technology and services,linkedin.com/company/北京云动飞扬智能科技有限公司,,北京云动飞扬智能科技有限公司,,1-10,
china,,eLxT8C7Vkj2cIElAQ1fg8wmk7XIE,information technology and services,linkedin.com/company/上海歌泰照明科技有限公司,,上海歌泰照明科技有限公司,,1-10,
china,,AV0oHFRsr5P400izyBNsDQoTAe8Z,information technology and services,linkedin.com/company/北京畅聊天下科技股份有限公司,,北京畅聊天下科技股份有限公司,,1-10,17paipai.cn
china,,2E5J8VzBSpLQwwjBKCJGeQJwkEhF,information technology and services,linkedin.com/company/上海珍宇信息科技有限公司,,上海珍宇信息科技有限公司,,1-10,
china,,uDBHlDicpTckjNO9K3SETAG7o1qf,information technology and services,linkedin.com/company/华洲-北京-数码科技有限公司,,华洲(北京)数码科技有限公司,,1-10,
china,,oA1IbCuOEhGfzZW9DZtSzg4BFqyo,information technology and services,linkedin.com/company/郑州农人灌溉科技有限公司,,郑州农人灌溉科技有限公司,,1-10,
china,,VwkajXSbNHFuvPEMAsW7WQJwgCTV,information technology and services,linkedin.com/company/北京思行伟业数码科技有限公司,,北京思行伟业数码科技有限公司,,1-10,
china,,7VPLebATHErVmpD9pxu8SQKRZIH1,information technology and services,linkedin.com/company/温州飞宇智能科技有限公司,,温州飞宇智能科技有限公司,,1-10,wzfeiyu.com
china,,O7kItsCvTD33uI6G7IK8zgqyx1El,information technology and services,linkedin.com/company/北京智胜新格科技有限公司,,北京智胜新格科技有限公司,,1-10,
china,,MMHKEImTIjxs8WbfvpsArANf8Jeo,information technology and services,linkedin.com/company/上海北斗交大新能源汽车服务有限公司,,上海北斗交大新能源汽车服务有限公司,,1-10,beidoujiaoda.com
china,,MLs3Eu9FLvIrCaDeoNBBPgwBy9rU,information technology and services,linkedin.com/company/北京金橡生物科技有限公司,,北京金橡生物科技有限公司,,1-10,acorndx.com
china,,CELCzDCYL7AwYOwtotRDUwZXvUOf,information technology and services,linkedin.com/company/天津天下出版科技有限公司,,天津天下出版科技有限公司,,1-10,
china,,s80dTYFBRjIfppG17mo3DAy7E1VM,information technology and services,linkedin.com/company/北京信维科技股份有限公司,,北京信维科技股份有限公司,,1-10,shinewaytech.com.cn
china,,vPT1eamHTO4osfn3FoTd4Aiq8VT8,information technology and services,linkedin.com/company/都铎-上海-国际贸易有限公司,,都铎(上海)国际贸易有限公司,,1-10,
china,,5WRzLht7fkYmS0dCbCRLGQYDXUKc,information technology and services,linkedin.com/company/北京壹玖捌捌电力科技发展有限公司,,北京壹玖捌捌电力科技发展有限公司,,51-200,
china,,C4i0pce4DI6rXBAeJREDtQxdyDlL,information technology and services,linkedin.com/company/北京萌游科技有限责任公司,,北京萌游科技有限责任公司,,1-10,
china,,i3gtWMHIZhmYUna6Q5cCiAw6WUOz,information technology and services,linkedin.com/company/北京用天正友科技有限责任公司,,北京用天正友科技有限责任公司,,1-10,
china,,gdrlRU5Qrum6rJOTU3q3agojn5Wo,information technology and services,linkedin.com/company/北京卡路里科技有限公司,,北京卡路里科技有限公司,,1-10,ikeep.taobao.com
china,,wa56W4JxgJuD1PwsGIt6sgHwXFZw,information technology and services,linkedin.com/company/北京恒信浩远科技发展有限公司,,北京恒信浩远科技发展有限公司,,1-10,
china,,Dh0HhBMchTmK7HO92Ft2uArwUSPt,information technology and services,linkedin.com/company/深圳市新乐数码科技有限公司,,深圳市新乐数码科技有限公司,,1-10,
china,,tWPMpBIs0WFtWCx42zzytQEriMog,information technology and services,linkedin.com/company/上海思凌信息科技有限公司,,上海思凌信息科技有限公司,,1-10,
china,,ACDvtsq8ILSsNCtv59RBDg5b159g,information technology and services,linkedin.com/company/湖南广兴机电科技股份有限公司,,湖南广兴机电科技股份有限公司,,1-10,
china,,efyxMNTQ53xFwxTrM437kwwbw6hr,information technology and services,linkedin.com/company/北京吉利奥生物科技发展有限公司,,北京吉利奥生物科技发展有限公司,,1-10,geno-bio.cn
china,,7GtC35cTHXpMUiV1ezCFgQOHYq7W,information technology and services,linkedin.com/company/北京星光远程多媒体科技有限公司,,北京星光远程多媒体科技有限公司,,1-10,xg2003.com
china,,QQaibHI5X5irrlUrr7ySuQIEwozo,information technology and services,linkedin.com/company/江西农宝科技有限公司,,江西农宝科技有限公司,,1-10,
china,,N0CCXy20yxqqNMqCQaASOghnnuBU,information technology and services,linkedin.com/company/上海安房乐信息技术有限公司,,上海安房乐信息技术有限公司,,1-10,anfle.com
china,,rDJ0igQVfp9gX2Q68wdbGQomRKkv,information technology and services,linkedin.com/company/北京海坚国际生物科技有限公司,,北京海坚国际生物科技有限公司,,1-10,
china,2012,6JeETeoYmkC25BCggP8wUgLbP635,information technology and services,linkedin.com/company/dalian-focusone-technology-co-ltd,dalian,"dalian focusone technology co.,ltd",liaoning,11-50,
china,,6oNeoP9wCF8FnVjJeKu2ww95SYGS,information technology and services,linkedin.com/company/陕西智科企业管理咨询有限公司,xi’an,陕西智科企业管理咨询有限公司,shaanxi,1-10,
china,,WVKPtgPgiC0ko9Cksrk6EwikwVMK,information technology and services,linkedin.com/company/浙江天猫网络有限公司,,浙江天猫网络有限公司,,1-10,juhuasuan.com
china,,L7tOmw5zBl47VeybRbgdHwVAdjCw,information technology and services,linkedin.com/company/北京菜户头科技有限公司,,北京菜户头科技有限公司,,1-10,caihutou.com
china,,yAMQN5GfTsPk7OQY3Cb9qAGiMPNd,information technology and services,linkedin.com/company/鞍山维盛自动化科技有限公司,,鞍山维盛自动化科技有限公司,,1-10,
china,,7kMJIuPAywy3yO4creK3NArxhwlS,information technology and services,linkedin.com/company/四川金山蓝农业科技有限公司,,四川金山蓝农业科技有限公司,,1-10,jslny.cn
china,,6gzGCHk0GAigEhDzxqyKOAUul5m3,information technology and services,linkedin.com/company/哈尔滨金盾保安服务有限公司,,哈尔滨金盾保安服务有限公司,,1-10,
china,,xMfPm2iIqXvunDNBZMCvfQuVPPZZ,information technology and services,linkedin.com/company/武汉博激世纪科技有限公司,,武汉博激世纪科技有限公司,,1-10,
china,,BGc78KpwSuYXF2wyOes2mQszlUgx,information technology and services,linkedin.com/company/德勤丞通-北京-人力资源管理技术有限公司,,德勤丞通(北京)人力资源管理技术有限公司,,1-10,
china,,i2g4Xz8CnAgAdddpqUKcAAKq0jRi,information technology and services,linkedin.com/company/北京九易云拓科技有限公司,,北京九易云拓科技有限公司,,1-10,giantower.com
china,,kckQBCq5txLEJAYV1FYwkgw3Qd6m,information technology and services,linkedin.com/company/ets-天津-生物科技发展有限公司,,ets(天津)生物科技发展有限公司,,1-10,ets-china.com
china,,B9QEcGtiLapMxwdqKXVlcg8moahA,information technology and services,linkedin.com/company/私家渔港-北京-科技有限公司,,私家渔港(北京)科技有限公司,,1-10,sjyg88.com
china,,ZufdyjG6TPKV1UMz0Yel4gDZjyPl,information technology and services,linkedin.com/company/sundns,,上海阳光互联信息科技有限公司,shanghai,51-200,sundns.com
china,,eeGFpOhm5s2j0ulNGugAsQtX5JZq,information technology and services,linkedin.com/company/北京四维网联科技发展有限公司,,北京四维网联科技发展有限公司,,1-10,linkdt.cn
china,,kR7uq3BPk524pwjz1i0A6QentGM6,information technology and services,linkedin.com/company/巴里巴拉-北京-科技发展有限公司,,巴里巴拉(北京)科技发展有限公司,,1-10,
china,2020,lEDJEt1YSEtkRr5NbvR5HgyOpgfv,information technology and services,linkedin.com/company/沃弗（武汉）企业管理咨询有限公司,,沃弗（武汉）企业管理咨询有限公司,,51-200,
china,,V4cKN14VEZ2wXRZmKKZhaw8LWZrN,information technology and services,linkedin.com/company/深圳市创想一登科技有限公司,,深圳市创想一登科技有限公司,,1-10,
china,,tRVyslcTeNiXq23Bq6uaVAIwKAkj,information technology and services,linkedin.com/company/玖农农业科技集团有限公司,,玖农农业科技集团有限公司,,1-10,
china,,I5SQj6fGmeeJCHrNZaBZ7wSAzLe2,information technology and services,linkedin.com/company/北京金点矿业科技有限公司,,北京金点矿业科技有限公司,,1-10,mine.ren
china,,inNoPvjGOG1AUvNTCtruBwFPumSX,information technology and services,linkedin.com/company/河南沃航智能科技有限公司,,河南沃航智能科技有限公司,,1-10,zzdji.com
china,,xMOXASb69B84DHjIV56z7wtR0mDB,information technology and services,linkedin.com/company/广州莫小郴生物科技有限公司,,广州莫小郴生物科技有限公司,,1-10,
china,,qpn3B6gHVbfFoV57cjQfWAnGHD0D,information technology and services,linkedin.com/company/清华大学煤燃烧工程研究中心,,清华大学煤燃烧工程研究中心,,1-10,
china,,B0yMGtef7zUAclkvtBc52w6JnDS7,information technology and services,linkedin.com/company/北京丹灵云科技股份公司,,北京丹灵云科技股份公司,,1-10,
china,,KwCBhJ9IwoSMQXD01G6LsAoYCKJY,information technology and services,linkedin.com/company/北京风扬科技有限公司,,北京风扬科技有限公司,,1-10,
china,,ettTR4cCEILWtEiU6jTJCwJvgSuv,information technology and services,linkedin.com/company/天音互动-北京-通信技术服务有限公司,,天音互动(北京)通信技术服务有限公司,,1-10,
china,,3sBdMC8u5oqkafyqTuxDCwePUpb9,information technology and services,linkedin.com/company/北京云丛网络科技有限公司,,北京云丛网络科技有限公司,,1-10,clcong.com
china,,lvUCygxJacN66vdhTBE9FwjsDiMJ,information technology and services,linkedin.com/company/北京鸿飞国际教育科技有限公司,,北京鸿飞国际教育科技有限公司,,1-10,
china,,2i4dQwZ0eL9SPmGyui2xEwp161oi,information technology and services,linkedin.com/company/北京石大万嘉新材料科技有限公司,,北京石大万嘉新材料科技有限公司,,1-10,startwellenergy.com
china,,7sEx2G09pmbVYHK4BvMesgy8763z,information technology and services,linkedin.com/company/郑州家明节能技术有限公司,,郑州家明节能技术有限公司,,11-50,
china,,Q9bUE8cPDXZnEF8CprstiQq7th4R,information technology and services,linkedin.com/company/河北绿建宝科技股份有限公司,,河北绿建宝科技股份有限公司,,1-10,52ljb.com
china,,O2vfAHQZQbq9GmqW9Q2kQwPP3mFZ,information technology and services,linkedin.com/company/天津宅美智能科技有限公司,,天津宅美智能科技有限公司,,1-10,
china,,JuB8KbSuVD3OCGXl93JgZQUCZmRC,information technology and services,linkedin.com/company/北京五洲建科新技术有限公司,,北京五洲建科新技术有限公司,,1-10,bjwuzhou.com
china,,pPEeUONCxvljAXnMz1XLxAmdgTWO,information technology and services,linkedin.com/company/北京浦亿思特科技有限责任公司,,北京浦亿思特科技有限责任公司,,1-10,poscoict.cn
china,,DIbltM09EoETmaHNJm09RABENy05,information technology and services,linkedin.com/company/荆州市智慧城市科技股份有限公司,,荆州市智慧城市科技股份有限公司,,1-10,jzicity.com
china,,Ex2mArx7hnBClJ2pRObfYwzRyutA,information technology and services,linkedin.com/company/北京鸿蒙网科技有限公司,,北京鸿蒙网科技有限公司,,1-10,worldhm.com
china,,LaQCPoMNBrtmL2Hd9dxxkQMoChW5,information technology and services,linkedin.com/company/鹏博士电信传媒集团股份有限公司北京科技分公司,,鹏博士电信传媒集团股份有限公司北京科技分公司,,1-10,
china,,8afBvNW7WFVSKjcOrsXXWwipYdDP,information technology and services,linkedin.com/company/上海飞亚网络科技有限公司,,上海飞亚网络科技有限公司,,1-10,
china,,5gFQo5Q39N1BlXuA6gwwjgzoY6f8,information technology and services,linkedin.com/company/四川思迈科技有限公司,,四川思迈科技有限公司,,1-10,siemaxkj.com
china,,gb9SKQCzJ2dWzVc5IIqKNQdPIlFl,information technology and services,linkedin.com/company/北京航天石化技术装备工程有限公司,,北京航天石化技术装备工程有限公司,,501-1000,calt11.com
china,,CulzcR3z2WnDwBKU77ioxAHERIsw,information technology and services,linkedin.com/company/上海惠中医疗科技有限公司,,上海惠中医疗科技有限公司,,1-10,medconn.com
china,,BFreJSxWde7o4k8H4n0ryQ8OiIKF,information technology and services,linkedin.com/company/爱特佰康-北京-科技有限公司,,爱特佰康(北京)科技有限公司,,1-10,
china,,lf4vE73fnXro3fLHAASI8ADJMZYB,information technology and services,linkedin.com/company/上海红爵信息科技发展有限公司,,上海红爵信息科技发展有限公司,,1-10,rednoble.com
china,,xr2cJdBkl0sBJwPquuGpTwG7BhTB,information technology and services,linkedin.com/company/北京浩井科技有限责任公司,,北京浩井科技有限责任公司,,1-10,haojingtech.com.cn
